Sheet Name :-,Win-Loss,Points/Game,Avg Scoring Margin,Yards/Point,Yards/Point Margin,Points/Play,Avg Scoring Margin,Yards/Point,Yards/Point Margin,Points/Play,Points/Play Margin,Red Zone Scoring Attempts/Game, Red Zone Scores/Game(TDs and FGs),Red Zone Scoring Percentage(TDs and FGs),Offensive Touchdowns/Game,Offensive Points/Game (Estimated),Offensive Point Share Percentage (Estimated),1st Quarter Points/Game,2nd Quarter Points/Game,3rd Quarter Points/Game,4th Quarter Points/Game,Overtime Points/Game,1st Half Points/Game,2nd Half Points/Game,1st Quarter Time of Possession Share %,2nd Quarter Time of Possession Share %,3rd Quarter Time of Possession Share %,4th Quarter Time of Possession Share %,1st Half Time of Possession Share %,2nd Half Time of Possession Share %,Yards/Game,Plays per Game,Yards per Play,Third Downs per Game,Third Down Conversions per Game,Fourth Downs per Game,Fourth Down Conversions per Game,Average Time of Possession (Excluding OT),Time of Possession Percentage (Excluding OT),Seconds per Play,Third Down Conversion Percentage,Fourth Down Conversion Percentage,Punts per Play,Punts per Offensive Score,Rushing Attempts per Game,Rushing Yards per Game,Yards per Rush Attempt,Rushing Play Percentage,Rushing Yards Percentage,Pass Attempts per Game,Completions per Game,Incompletions per Game,Completion Percentage,Passing Yards per Game,QB Sacked per Game,QB Sacked Percentage,Average Team Passer Rating,Passing Play Percentage,Passing Yards Percentage,Yards per Pass Attempt,Yards per Completion,Field Goal Attempts per Game,Field Goals Made per Game,Field Goal Conversion Percentage,Punt Attempts per Game,Gross Punt Yards per Game,Opponent Points per Game,Opp Yards per Point,Opponent Points per Play,Opponent Average Scoring Margin,Opponent Red Zone Scoring Attempts per Game,Opponent Red Zone Scoring Percentage (TDs & FGs),Opponent Points per Field Goal Attempt,Opponent Offensive Touchdowns per Game,Opponent Offensive Points per Game (Estimated),Opp 1st Quarter Points/Game,Opp 2nd Quarter Points/Game,Opp 3rd Quarter Points/Game,Opp 4th Quarter Points/Game,Opp Overtime Points/Game,Opponent 1st Half Points/Game,Opponent 2nd Half Points/Game,Opponent Yards per Game,Opponent Plays per Game,Opponent Yards per Play,Opponent First Downs per Game,Opponent Third Downs per Game,Opponent Third Down Conversions per Game,Opponent Fourth Downs per Game,Opponent Fourth Down Conversions per Game,Opponent Average Time of Possession (Excluding OT),Opponent Time of Possession Percentage (Excluding OT),Opponent Seconds per Play,Opponent Third Down Conversion Percentage,Opponent Fourth Down Conversion Percentage,Opponent Punts per Play,Opponent Punts per Offensive Score,Opponent Rushing Attempts per Game,Opponent Rushing Yards per Game,Opponent Rushing First Downs per Game,Opponent Yards per Rush Attempt,Opponent Rushing Play Percentage,Opponent Rushing Yards Percentage,Opponent Pass Attempts per Game,Opponent Completions per Game,Opponent Incompletions per Game,Opponent Completion Percentage,Opponent Passing Yards per Game,Opponent Passing First Downs per Game,Opponent Average Team Passer Rating,Sack Percentage,Opponent Passing Play Percentage,Opponent Passing Yards Percentage,Sacks per Game,Opponent Yards per Pass Attempt,Opponent Yards per Completion,Opponent Field Goal Attempts per Game,Opponent Field Goals Made per Game,Opponent Punt Attempts per Game,Opponent Gross Punt Yards per Game,Interceptions Thrown per Game,Fumbles per Game,Fumbles Lost per Game,Fumbles Not Lost per Game,Giveaways per Game,Turnover Margin per Game,Interceptions per Game,Opponent Fumbles per Game,Opponent Fumbles Lost per Game,Opponent Fumbles Not Lost per Game,Takeaways per Game,Opponent Turnover Margin per Game,Interceptions Thrown Percentage,Fumble Recovery Percentage,Giveaway Fumble Recovery Percentage,Takeaway Fumble Recovery Percentage,Opponent Interceptions Thrown Percentage,Opponent Fumble Recovery Percentage,Opponent Giveaway Fumble Recovery Percentage,Opponent Takeaway Fumble Recovery Percentage,Penalties per Game,Penalty Yards per Game,Penalty First Downs per Game,Opponent Penalties per Game,Opponent Penalty Yards per Game,Opponent Penalty First Downs per Game,Penalty Yards per Penalty,Penalties per Play,Opponent Penalty Yards per Penalty,Opponent Penalties per Play
,,,,,,,,,,,,,,,,,,,,,,,,,,,,,,,,,,,,,,,,,,,,,,,,,,,,,,,,,,,,,,,,,,,,,,,,,,,,,,,,,,,,,,,,,,,,,,,,,,,,,,,,,,,,,,,,,,,,,,,,,,,,,,,,,,,,,,,,,,,,,,,,,,,,,,
Alabama,2-0-0,52.5,+44.5,9.5,18.9,0.766,+44.5,9.5,18.9,0.766,0.663,4.5,3.5,0.7778,7.5,52.5,1,14,14,7,17.5,0,28,24.5,0.4594,0.4011,0.6139,0.5856,0.4303,0.5997,496.5,68.5,7.2,13,6.5,0.5,0.5,1.2875,0.515,27.1,0.5,1,0.07,0.7,44,264,6,0.6423,0.5317,22.5,14.5,8,0.6444,232.5,2,0.0816,187.9,0.3577,0.4683,10.3,16,0,0,--,5,226,8,28.4,0.104,-44.5,3,0.6667,1.8,0.5,8,1.5,1.5,3.5,1.5,0,3,5,227,77,2.9,15.5,18,2.5,2.5,1,1.2125,0.485,22.7,0.1389,0.4,0.12,4.5,36.5,124,7,3.4,0.474,0.5463,38,19,19,0.5,103,6,67.5,0.0617,0.526,0.4537,2.5,2.7,5.4,2.5,1.5,9,400,0,3,2,1,2,-1,1,0.5,0,0.5,1,+1.0,0,0.2857,0.3333,0,0.0263,0.7143,1,0.6667,10,89.5,3,7.5,66,2.5,9,0.07,8.8,0.05
Arizona,2-0-0,61,+22.0,10.3,1.8,1.07,+22.0,10.3,1.8,1.07,0.583,2,2,1,8,62,1,14,13,21,13,0,27,34,0.2989,0.4733,0.4278,0.4689,0.3861,0.4483,627,57,11,12,8,1,1,1.043055556,0.4172,26.4,0.6667,1,0.02,0.1,26,205,7.9,0.4561,0.327,31,19,12,0.6129,422,0,0,211.8,0.5439,0.673,13.6,22.2,2,2,1,1,48,39,12.1,0.488,-22,6,1,3,5,38,14,10,7,8,0,24,15,471,80,5.9,30,13,6,2,2,1.456944444,0.5828,26.2,0.4615,1,0.05,0.7,38,211,11,5.6,0.475,0.448,42,24,18,0.5714,260,15,123.2,0,0.525,0.552,0,6.2,10.8,1,1,4,166,1,2,1,1,2,0,2,0,0,0,2,0,0.0323,0.5,0.5,--,0.0476,0.5,--,0.5,9,100,1,8,65,4,11.1,0.07,8.1,0.06
BYU,2-0-0,18,+3.0,18.7,-1.3,0.277,+3.0,18.7,-1.3,0.277,0.077,3,3,1,2,17,1,7,0,8,3,0,7,11,0.4433,0.43,0.5533,0.6322,0.4367,0.5928,336,65,5.2,13,2,3,2,1.286805556,0.5147,28.5,0.1538,0.6667,0.09,2,35,134,3.8,0.5385,0.3988,29,15,14,0.5172,202,1,0.0333,107.8,0.4615,0.6012,7,13.5,2,1,0.5,6,247,15,17.4,0.2,-3,5,0.4,3,0,15,0,9,3,3,0,9,6,261,75,3.5,18,16,3,4,2,1.213194444,0.4853,23.3,0.1875,0.5,0.05,0.8,36,117,8,3.3,0.48,0.4483,36,17,19,0.4722,144,9,75.3,0.0769,0.52,0.5517,3,4,8.5,5,5,4,193,2,2,1,1,3,0,1,2,2,0,3,0,0.069,0.75,0.5,1,0.0278,0.25,0,0.5,5,45,1,7,69,1,9,0.04,9.9,0.05
California,2-0-0,21,+7.0,15.8,4.6,0.292,+7.0,15.8,4.6,0.292,0.058,3,2,0.6667,3,21,1,7,7,0,7,0,14,7,0.6233,0.7456,0.4167,0.5656,0.6844,0.4911,332,72,4.6,19,10,0,0,1.469444444,0.5878,29.4,0.5263,--,0.1,2.3,34,99,2.9,0.4722,0.2982,36,25,11,0.6944,233,2,0.0526,142.1,0.5278,0.7018,6.5,9.3,2,0,0,7,326,14,20.4,0.233,-7,2,1,0,2,14,7,0,0,7,0,7,7,286,60,4.8,16,10,5,1,0,1.030555556,0.4122,24.7,0.5,0,0.07,2,30,121,5,4,0.5,0.4231,27,14,13,0.5185,165,7,115.4,0.1,0.5,0.5769,3,6.1,11.8,1,0,4,180,0,0,0,0,0,+1.0,0,3,1,2,1,-1,0,0.3333,--,0.3333,0,0.6667,0.6667,--,11,77,1,6,46,4,7,0.08,7.7,0.05
Duke,2-0-0,26,+6.0,13.2,1.3,0.361,+6.0,13.2,1.3,0.361,0.091,4,3,0.75,3,27,1,7,0,3,3,13,7,6,0.4711,0.3011,0.5424,0.6022,0.3861,0.5724,342,72,4.8,15,4,1,0,1.199305556,0.4791,24,0.2667,0,0.08,1.2,30,93,3.1,0.4167,0.2719,40,25,15,0.625,249,2,0.0476,134.5,0.5833,0.7281,6.2,10,3,2,0.6667,6,280,20,14.5,0.27,-6,5,0.6,2,2,20,3,7,0,3,7,10,3,290,74,3.9,19,16,3,1,0,1.300694444,0.5209,25.3,0.1875,0,0.09,1.8,38,132,7,3.5,0.5135,0.4552,36,20,16,0.5556,158,10,86.9,0,0.4865,0.5448,0,4.4,7.9,3,2,7,270,1,1,1,0,2,0,1,1,1,0,2,0,0.025,0.5,0,1,0.0278,0.5,0,1,9,80,1,7,57,2,8.9,0.06,8.1,0.05
Georgia,2-0-0,34,+31.0,13.1,49.5,0.557,+31.0,13.1,49.5,0.557,0.502,4,4,1,4,34,1,0,6,14,14,0,6,28,0.4278,0.7644,0.4922,0.4956,0.5961,0.4939,447,61,7.3,11,4,0,0,1.3625,0.545,32.2,0.3636,--,0.07,0.7,27,169,6.3,0.4426,0.3781,33,23,10,0.697,278,1,0.0294,160.5,0.5574,0.6219,8.4,12.1,2,2,1,4,192,3,62.7,0.056,-31,2,0.5,3,0,3,0,0,3,0,0,0,3,188,54,3.5,13,13,4,1,0,1.1375,0.455,30.3,0.3077,0,0.13,7,23,46,4,2,0.4259,0.2447,29,18,11,0.6207,142,6,96.3,0.0645,0.5741,0.7553,2,4.9,7.9,1,1,7,302,0,0,0,0,0,+1.0,1,0,0,0,1,-1,0,--,--,--,0.0345,--,--,--,7,70,0,3,15,3,10,0.06,5,0.03
Illinois,2-0-0,23,+6.0,11.8,7.5,0.377,+6.0,11.8,7.5,0.377,0.119,3,3,1,1,16,0.696,3,10,0,10,0,13,10,0.5056,0.4556,0.3433,0.7378,0.4806,0.5406,271,61,4.4,15,6,1,1,1.276388889,0.5106,30.1,0.4,1,0.07,0.8,34,79,2.3,0.5574,0.2915,25,16,9,0.64,192,2,0.0741,128.5,0.4426,0.7085,7.7,12,3,3,1,4,194,17,19.2,0.258,-6,3,1,3,2,17,0,10,7,0,0,10,7,327,66,5,18,13,6,2,1,1.223611111,0.4894,26.7,0.4615,0.5,0.03,0.7,33,186,10,5.6,0.5,0.5688,32,18,14,0.5625,141,7,95.1,0.0303,0.5,0.4312,1,4.4,7.8,1,1,2,109,0,1,1,0,1,+3.0,3,2,1,1,4,-3,0,0.3333,0,0.5,0.0938,0.6667,0.5,1,2,20,0,2,25,1,10,0.02,12.5,0.02
Indiana,2-0-0,31,+24.0,13.4,12.6,0.463,+24.0,13.4,12.6,0.463,0.352,4,4,1,4,31,1,14,7,3,7,0,21,10,0.5833,0.5922,0.6867,0.3156,0.5878,0.5011,414,67,6.2,10,4,2,1,1.361111111,0.5444,29.3,0.4,0.5,0.04,0.6,40,234,5.9,0.597,0.5652,25,15,10,0.6,180,2,0.0741,133.7,0.403,0.4348,7.2,12,1,1,1,3,129,7,26,0.111,-24,1,1,--,1,7,0,7,0,0,0,7,0,182,63,2.9,13,13,4,4,1,1.138888889,0.4556,26,0.3077,0.25,0.08,5,30,53,5,1.8,0.4762,0.2912,29,20,9,0.6897,129,7,110.8,0.1212,0.5238,0.7088,4,4.4,6.5,0,0,5,228,0,3,0,3,0,+1.0,1,2,0,2,1,-1,0,0.6,1,0,0.0345,0.4,1,0,9,80,0,3,25,1,8.9,0.07,8.3,0.02
Liberty,2-0-0,30,+6.0,15.8,-4.3,0.455,+6.0,15.8,-4.3,0.455,0.112,4,3,0.75,2,23,0.767,3,6,0,21,0,9,21,0.51,0.5089,0.4744,0.4356,0.5094,0.455,473,66,7.2,11,1,2,1,1.205555556,0.4822,26.3,0.0909,0.5,0.08,0.8,35,217,6.2,0.5303,0.4588,29,16,13,0.5517,256,2,0.0645,129.3,0.4697,0.5412,8.8,16,4,3,0.75,5,220,24,11.5,0.343,-6,3,1,3,3,24,10,7,0,7,0,17,7,275,70,3.9,18,15,3,2,1,1.294444444,0.5178,26.6,0.2,0.5,0.1,1.8,44,117,6,2.7,0.6286,0.4255,22,9,13,0.4091,158,6,131.2,0.1538,0.3714,0.5745,4,7.2,17.6,1,1,7,302,0,0,0,0,0,+1.0,0,1,1,0,1,-1,0,1,--,1,0,0,0,--,11,122,1,9,58,6,11.1,0.08,6.4,0.07
Louisiana,2-0-0,34,+24.0,13.4,7,0.607,+24.0,13.4,7,0.607,0.407,7,6,0.8571,4,34,1,0,20,14,0,0,20,14,0.4211,0.51,0.7067,0.5,0.4656,0.6033,455,56,8.1,9,4,2,2,1.336111111,0.5344,34.4,0.4444,1,0.02,0.2,35,258,7.4,0.625,0.567,21,17,4,0.8095,197,0,0,175.5,0.375,0.433,9.4,11.6,2,2,1,1,40,10,20.4,0.2,-24,2,1,3,1,10,7,0,0,3,0,7,3,204,50,4.1,12,12,4,2,2,1.163888889,0.4656,33.5,0.3333,1,0.08,2,37,111,6,3,0.74,0.5441,13,7,6,0.5385,93,5,113.9,0,0.26,0.4559,0,7.2,13.3,1,1,4,172,0,0,0,0,0,0,0,0,0,0,0,0,0,--,--,--,0,--,--,--,5,45,1,4,35,1,9,0.05,8.8,0.04
Louisville,2-0-0,49,+35.0,12.4,8.3,0.69,+35.0,12.4,8.3,0.69,0.464,5,4,0.8,7,49,1,14,14,7,14,0,28,21,0.5322,0.6,0.54,0.7533,0.5661,0.6467,610,71,8.6,13,9,1,1,1.515972222,0.6064,30.7,0.6923,1,0.03,0.3,36,233,6.5,0.507,0.382,35,23,12,0.6571,377,0,0,175.1,0.493,0.618,10.8,16.4,2,0,0,2,73,14,20.7,0.226,-35,3,0.6667,0,2,14,0,14,0,0,0,14,0,290,62,4.7,19,12,2,1,1,0.9840277778,0.3936,22.9,0.1667,1,0.13,4,32,130,7,4.1,0.5161,0.4483,28,17,11,0.6071,160,9,113.4,0.0667,0.4839,0.5517,2,5.7,9.4,1,0,8,320,0,1,0,1,0,+1.0,1,0,0,0,1,-1,0,1,1,--,0.0357,0,--,0,5,42,2,5,55,3,8.4,0.04,11,0.04
Memphis,2-0-0,38,+21.0,9.8,5,0.623,+21.0,9.8,5,0.623,0.344,5,5,1,5,38,1,7,14,10,7,0,21,17,0.4811,0.4656,0.5222,0.4578,0.4733,0.49,372,61,6.1,9,5,0,0,1.204166667,0.4817,28.4,0.5556,--,0.05,0.5,29,211,7.3,0.4754,0.5672,32,20,12,0.625,161,0,0,115.1,0.5246,0.4328,5,8.1,1,1,1,3,139,17,14.8,0.279,-21,3,1,3,2,17,0,7,3,7,0,7,10,251,61,4.1,17,16,9,1,1,1.295833333,0.5183,30.6,0.5625,1,0.08,1.7,34,101,6,3,0.5574,0.4024,26,16,10,0.6154,150,8,110,0.037,0.4426,0.5976,1,5.8,9.4,1,1,5,223,0,0,0,0,0,+1.0,0,1,1,0,1,-1,0,1,--,1,0,0,0,--,7,71,6,8,73,3,10.1,0.06,9.1,0.07
Missouri,2-0-0,38,+38.0,13.6,--,0.458,+38.0,13.6,--,0.458,0.458,4,4,1,5,38,1,3,21,7,7,0,24,14,0.5578,0.5911,0.79,0.6178,0.5744,0.7039,518,83,6.2,15,9,2,1,1.597916667,0.6392,27.7,0.6,0.5,0.02,0.3,41,255,6.2,0.494,0.4923,42,34,8,0.8095,263,0,0,128.8,0.506,0.5077,6.3,7.7,3,1,0.3333,2,87,0,--,0,-38,0,--,0,0,0,0,0,0,0,0,0,0,169,55,3.1,9,12,1,3,1,0.9020833333,0.3608,23.6,0.0833,0.3333,0.11,--,32,114,6,3.6,0.5818,0.6746,20,6,14,0.3,55,3,43.1,0.1304,0.4182,0.3254,3,2.8,9.2,1,0,6,219,1,1,0,1,1,0,1,0,0,0,1,0,0.0238,1,1,--,0.05,0,--,0,10,80,1,2,30,0,8,0.07,15,0.01
Navy,2-0-0,38,+27.0,10.8,18.2,0.644,+27.0,10.8,18.2,0.644,0.477,2,2,1,5,35,0.946,9,14,15,0,0,23,15,0.6644,0.1267,0.6603,0.6022,0.3956,0.6312,410,59,6.9,13,5,2,1,1.28125,0.5132,31.3,0.3846,0.5,0.1,1.2,50,298,6,0.8475,0.7268,9,5,4,0.5556,112,0,0,196.8,0.1525,0.2732,12.4,22.4,0,0,--,6,235,11,29,0.167,-27,2,0.5,3,1,10,0,3,0,8,0,3,8,319,66,4.8,16,14,3,4,2,1.215277778,0.4868,26.5,0.2143,0.5,0.08,2.5,19,42,3,2.2,0.2879,0.1317,46,30,16,0.6522,277,11,114.3,0.0213,0.7121,0.8683,1,6,9.2,1,1,5,173,0,1,0,1,0,+3.0,2,3,1,2,3,-3,0,0.5,1,0.3333,0.0435,0.5,0.6667,0,4,40,0,9,68,2,10,0.03,7.6,0.07
Nebraska,2-0-0,34,+25.5,12.4,15,0.456,+25.5,12.4,15,0.456,0.314,5,3.5,0.7,4,29.5,0.868,10.5,18.5,3.5,1.5,0,29,5,0.6989,0.5778,0.6122,0.5739,0.6383,0.5931,420.5,74.5,5.6,14.5,7,1,0,1.538888889,0.6157,29.8,0.4828,0,0.06,0.9,41,186,4.5,0.5503,0.4423,33,24,9,0.7273,234.5,0.5,0.0149,147.4,0.4497,0.5577,7.1,9.8,1,0.5,0.5,4.5,196,8.5,27.4,0.143,-25.5,1.5,0.6667,1,1,8.5,3.5,0,1.5,3.5,0,3.5,5,232.5,59.5,3.9,13.5,12,3.5,1.5,0.5,0.9604166667,0.3843,23.3,0.2917,0.3333,0.09,3.7,23,36,4,1.6,0.3866,0.1548,33,19.5,13.5,0.5909,196.5,9,110,0.0959,0.6134,0.8452,3.5,6,10.1,1.5,0.5,5.5,227.5,0,0.5,0.5,0,0.5,+1.5,1.5,1,0.5,0.5,2,-1.5,0,0.3333,0,0.5,0.0455,0.6667,0.5,1,7.5,70,5,9,90,0.5,9.3,0.06,10,0.07
North Texas,2-0-0,52,+14.0,10.6,4.7,0.684,+14.0,10.6,4.7,0.684,0.232,6,5,0.8333,6,45,0.865,7,7,28,10,0,14,38,0.6144,0.5011,0.3133,0.54,0.5578,0.4267,550,76,7.2,12,8,1,0,1.230555556,0.4922,23.3,0.6667,0,0.01,0.1,34,104,3.1,0.4474,0.1891,42,33,9,0.7857,446,0,0,191.3,0.5526,0.8109,10.6,13.5,2,1,0.5,1,51,38,15.3,0.452,-14,5,1,3,5,41,3,16,7,12,0,19,19,582,84,6.9,29,14,6,3,2,1.269444444,0.5078,21.8,0.4286,0.6667,0.04,0.4,33,150,10,4.5,0.3929,0.2577,49,26,23,0.5306,432,18,147.3,0.0392,0.6071,0.7423,2,8.8,16.6,2,2,3,88,0,0,0,0,0,0,0,0,0,0,0,0,0,--,--,--,0,--,--,--,6,50,2,9,80,1,8.3,0.04,8.9,0.06
Oklahoma,2-0-0,33.5,+26.0,9.4,25,0.508,+26.0,9.4,25,0.508,0.394,4,4,1,3.5,29,0.866,12,12,1.5,8,0,24,9.5,0.3906,0.5044,0.3733,0.5128,0.4475,0.4431,313.5,66,4.8,13,2.5,1.5,1.5,1.113194444,0.4453,24.3,0.1923,1,0.1,1.2,32,146,4.6,0.4848,0.4657,31,19.5,11.5,0.629,167.5,3,0.0882,137,0.5152,0.5343,5.4,8.6,2,1.5,0.75,6.5,283,7.5,34.3,0.114,-26,1,1,3,0.5,8,1.5,1.5,4.5,0,0,3,4.5,257.5,66,3.9,15.5,14,4,1,1,1.386805556,0.5547,30.3,0.2857,1,0.09,3,35.5,63.5,5,1.8,0.5379,0.2466,26.5,18,8.5,0.6792,194,8.5,124.3,0.1311,0.4621,0.7534,4,7.3,10.8,1.5,1.5,6,253.5,0.5,1,0,1,0.5,+3.5,1.5,2.5,2.5,0,4,-3.5,0.0161,1,1,1,0.0566,0,0,0,6,64.5,1.5,8,58,2,10.8,0.05,7.3,0.06
Oregon,2-0-0,37,+3.0,9.5,1.3,0.617,+3.0,9.5,1.3,0.617,0.157,2,2,1,3,24,0.632,7,7,13,10,0,14,23,0.3644,0.5767,0.4311,0.5867,0.4706,0.5089,353,60,5.9,12,4,0,0,1.224305556,0.4897,29.4,0.3333,--,0.12,1.2,35,110,3.1,0.5833,0.3116,21,18,3,0.8571,243,4,0.16,214.3,0.4167,0.6884,11.6,13.5,1,1,1,7,344,34,10.9,0.459,-3,5,1,2,4,34,3,17,0,14,0,20,14,369,74,5,19,19,9,0,0,1.275694444,0.5103,24.8,0.4737,--,0.11,1.3,33,221,9,6.7,0.4459,0.5989,40,17,23,0.425,148,9,81.8,0.0244,0.5541,0.4011,1,3.7,8.7,3,2,8,371,0,3,2,1,2,-2,0,0,0,0,0,+2.0,0,0.3333,0.3333,--,0,0.6667,--,0.6667,9,74,2,6,50,1,8.2,0.07,8.3,0.04
Pittsburgh,2-0-0,41.5,+16.0,12.7,0.2,0.539,+16.0,12.7,0.2,0.539,0.197,4,3.5,0.875,4.5,39,0.918,8.5,8.5,10.5,14,0,17,24.5,0.49,0.4044,0.3406,0.47,0.4472,0.4053,527.5,77,6.9,13.5,6.5,2,1,1.065277778,0.4263,19.9,0.4815,0.5,0.03,0.3,32.5,193.5,6,0.4221,0.3668,41.5,27,14.5,0.6506,334,3,0.0674,155.7,0.5779,0.6332,8,12.4,2.5,2.5,1,2.5,92.5,25.5,13,0.342,-16,3,0.8333,2.3,2.5,22,10.5,5,10,0,0,15.5,10,330.5,74.5,4.4,18,16,5,2,1.5,1.434027778,0.5738,27.7,0.3125,0.75,0.06,1,37.5,91,6,2.4,0.5034,0.2753,33,18,15,0.5455,239.5,11,137.5,0.1081,0.4966,0.7247,4,7.3,13.3,2,1.5,4.5,206.5,1,1,0.5,0.5,1.5,0,0.5,1,1,0,1.5,0,0.0241,0.75,0.5,1,0.0152,0.25,0,0.5,6,56.5,2.5,6,49.5,1,9.4,0.04,8.3,0.04
Purdue,1-0-0,--,--,--,--,--,--,--,--,--,--,--,--,--,--,--,--,--,--,--,--,--,--,--,--,--,--,--,--,--,--,--,--,--,--,--,--,--,--,--,--,--,--,--,--,--,--,--,--,--,--,--,--,--,--,--,--,--,--,--,--,--,--,--,--,--,--,--,--,--,--,--,--,--,--,--,--,--,--,--,--,--,--,--,--,--,--,--,--,--,--,--,--,--,--,--,--,--,--,--,--,--,--,--,--,--,--,--,--,--,--,--,--,--,--,--,--,--,--,--,--,--,--,--,--,--,--,--,--,--,--,--,--,--,--,--,--,--,--,--,--,--,--,--,--,--,--,--,--,--
Rutgers,2-0-0,49,+32.0,10.5,7.5,0.731,+32.0,10.5,7.5,0.731,0.453,6,6,1,7,49,1,7,14,14,14,0,21,28,0.5178,0.5356,0.65,0.4633,0.5267,0.5567,515,67,7.7,9,6,1,0,1.354166667,0.5417,29.1,0.6667,0,0.03,0.3,44,285,6.5,0.6567,0.5534,23,14,9,0.6087,230,0,0,179.2,0.3433,0.4466,10,16.4,0,0,--,2,81,17,18.1,0.279,-32,2,0.5,1.5,2,17,0,3,7,7,0,3,14,307,61,5,15,14,7,0,0,1.145833333,0.4583,27,0.5,--,0.08,1.7,25,156,9,6.2,0.4098,0.5081,34,17,17,0.5,151,5,91.1,0.0556,0.5902,0.4919,2,4.4,8.9,2,1,5,238,1,0,0,0,1,0,1,0,0,0,1,0,0.0435,--,--,--,0.0294,--,--,--,5,40,4,12,82,1,8,0.04,6.8,0.09
Syracuse,2-0-0,34.5,+9.5,14.5,1.8,0.469,+9.5,14.5,1.8,0.469,0.104,5,5,1,4.5,34.5,1,3.5,15.5,8.5,7,0,19,15.5,0.3483,0.6767,0.6917,0.4644,0.5125,0.5781,500,73.5,6.8,16,9.5,1.5,1.5,1.363194444,0.5453,26.7,0.5938,1,0.03,0.4,29.5,132.5,4.5,0.4014,0.265,43,29.5,13.5,0.686,367.5,1,0.0227,168.8,0.5986,0.735,8.5,12.5,1.5,1,0.6667,2,92,25,16.3,0.365,-9.5,3.5,0.8571,2.3,3,25.5,6.5,5,3.5,10,0,11.5,13.5,407,68.5,5.9,22.5,12.5,4.5,2,1,1.136805556,0.4547,23.9,0.36,0.5,0.05,0.8,31.5,183.5,9.5,5.8,0.4599,0.4509,35,23.5,11.5,0.6714,223.5,10,122.6,0.0541,0.5401,0.5491,2,6.4,9.5,2,1.5,3.5,164.5,0.5,0,0,0,0.5,0,0.5,0.5,0,0.5,0.5,0,0.0116,0,--,0,0.0143,1,1,--,5.5,46,0,2,10,3,8.4,0.04,5,0.01
Tennessee,2-0-0,51,+41.0,9,5.3,0.761,+41.0,9,5.3,0.761,0.573,6,5,0.8333,5,44,0.863,7,13,17,14,0,20,31,0.4544,0.3856,0.7256,0.5322,0.42,0.6289,460,67,6.9,14,7,1,1,1.311111111,0.5244,28.2,0.5,1,0.01,0.1,44,249,5.7,0.6567,0.5413,23,16,7,0.6957,211,0,0,157.9,0.3433,0.4587,9.2,13.2,4,3,0.75,1,43,10,14.3,0.189,-41,2,0.5,3,0,3,0,3,7,0,0,3,7,143,53,2.7,10,12,3,2,0,1.188888889,0.4756,32.3,0.25,0,0.11,3,28,39,2,1.4,0.5283,0.2727,22,15,7,0.6818,104,6,98.8,0.12,0.4717,0.7273,3,4.7,6.9,1,1,6,276,2,0,0,0,2,+1.0,1,3,2,1,3,-1,0.087,0.6667,--,0.6667,0.0455,0.3333,0.3333,--,7,70,0,6,52,2,10,0.06,8.7,0.05
Texas,2-0-0,41.5,+35.5,11.3,28.4,0.58,+35.5,11.3,28.4,0.58,0.474,5.5,5.5,1,5.5,41.5,1,7,20.5,10.5,3.5,0,27.5,14,0.6,0.5644,0.4,0.5039,0.5822,0.4519,467,71.5,6.5,14,8,1.5,1,1.292361111,0.5171,26,0.5714,0.6667,0.03,0.3,36.5,166.5,4.6,0.5105,0.3565,34.5,24.5,10,0.7101,300.5,0.5,0.0143,174.8,0.4895,0.6435,8.7,12.3,1.5,1,0.6667,2,78.5,6,39.7,0.106,-35.5,1,0.5,3,0.5,6.5,0,1.5,1.5,3,0,1.5,4.5,238,56.5,4.2,12,13,4,2.5,1,1.206944444,0.4829,30.8,0.3077,0.4,0.08,3,27.5,99,4,3.6,0.4867,0.416,28.5,17.5,11,0.614,139,7.5,94.1,0.0172,0.5133,0.584,0.5,4.9,7.9,1,1,4.5,171.5,0.5,1,0,1,0.5,+2.0,2,0.5,0.5,0,2.5,-2,0.0145,1,1,1,0.0702,0,0,0,5,35,0,3.5,27.5,0.5,7,0.04,7.9,0.03
Toledo,2-0-0,38,+15.0,6.8,9.9,0.844,+15.0,6.8,9.9,0.844,0.597,3,3,1,4,31,0.816,7,10,7,14,0,17,21,0.3467,0.1933,0.1522,0.3511,0.27,0.2517,258,45,5.7,12,3,1,0,0.6520833333,0.2608,20.9,0.25,0,0.13,1,22,83,3.8,0.4889,0.3217,23,8,15,0.3478,175,0,0,141.7,0.5111,0.6783,7.6,21.9,1,1,1,6,245,23,16.7,0.247,-15,5,1,3,2,23,0,13,3,7,0,13,10,384,93,4.1,23,19,5,4,2,1.847916667,0.7392,28.6,0.2632,0.5,0.06,1.2,48,125,9,2.6,0.5161,0.3255,40,26,14,0.65,259,12,122.6,0.1111,0.4839,0.6745,5,6.5,10,3,3,6,218,0,1,0,1,0,+1.0,1,1,0,1,1,-1,0,0.5,1,0,0.025,0.5,1,0,6,45,4,9,97,2,7.5,0.04,10.8,0.07
Coastal Car,2-0-0,55,+28.0,10,3.2,0.714,+28.0,10,3.2,0.714,0.264,5,5,1,6,48,0.873,17,14,10,14,0,31,24,0.7167,0.61,0.5667,0.7633,0.6633,0.665,552,77,7.2,13,5,1,1,1.660416667,0.6642,31.1,0.3846,1,0.03,0.2,57,294,5.2,0.7403,0.5326,20,13,7,0.65,258,0,0,212.9,0.2597,0.4674,12.9,19.8,2,2,1,2,77,27,13.2,0.45,-28,2,1,3,3,27,3,7,0,17,0,10,17,357,60,6,16,10,1,1,1,0.8395833333,0.3358,20.2,0.1,1,0.1,1.2,30,123,8,4.1,0.5,0.3445,27,14,13,0.5185,234,7,122.1,0.1,0.5,0.6555,3,8.7,16.7,2,2,6,282,1,1,1,0,2,+1.0,2,4,1,3,3,-1,0.05,0.2,0,0.25,0.0741,0.8,0.75,1,5,35,4,7,59,1,7,0.04,8.4,0.05
Ohio St,2-0-0,54,+51.0,10.1,35.9,0.783,+51.0,10.1,35.9,0.783,0.733,4,4,1,6.5,47,0.87,14,12,17.5,10.5,0,26,28,0.46,0.5078,0.5042,0.5461,0.4839,0.5251,543.5,69,7.9,12,6,1.5,1,1.261111111,0.5045,26.3,0.5,0.6667,0.05,0.4,36,221.5,6.2,0.5217,0.4075,32,21.5,10.5,0.6719,322,1,0.0303,177.5,0.4783,0.5925,10.1,15,0.5,0.5,1,3.5,151.5,3,46,0.05,-51,0,--,2,0,3,1.5,0,1.5,0,0,1.5,1.5,138,60,2.3,8.5,15.5,3.5,1.5,1,1.238194444,0.4955,29.7,0.2258,0.6667,0.14,8.5,33,37.5,2.5,1.1,0.55,0.2717,23,13,10,0.5652,100.5,5,84.5,0.1481,0.45,0.7283,4,4.4,7.7,1.5,1,8.5,371,0,1.5,0,1.5,0,+1.5,1,1,0.5,0.5,1.5,-1.5,0,0.8,1,0.5,0.0435,0.2,0.5,0,6.5,51.5,0.5,3,18.5,1,7.9,0.05,6.2,0.02
Mississippi,2-0-0,52,+49.0,12.6,80.1,0.684,+49.0,12.6,80.1,0.684,0.639,8,8,1,7,52,1,17,14,14,7,0,31,21,0.5611,0.4478,0.2711,0.5167,0.5044,0.3939,655,76,8.6,9,7,1,0,1.122916667,0.4492,21.3,0.7778,0,0,0,42,258,6.1,0.5526,0.3939,31,27,4,0.871,397,3,0.0882,205.3,0.4474,0.6061,12.8,14.7,1,1,1,0,0,3,92.7,0.045,-49,3,0.3333,3,0,3,0,3,0,0,0,3,0,278,67,4.1,18,14,4,2,1,1.377083333,0.5508,29.6,0.2857,0.5,0.09,6,25,28,4,1.1,0.3731,0.1007,40,25,15,0.625,250,12,110,0.0476,0.6269,0.8993,2,6.3,10,1,1,6,234,0,1,0,1,0,+2.0,1,1,1,0,2,-2,0,1,1,1,0.025,0,0,0,8,80,0,8,58,2,10,0.06,7.3,0.06
Texas St,2-0-0,49,+39.0,10.4,23,0.7,+39.0,10.4,23,0.7,0.578,4,3,0.75,7,49,1,14,21,7,7,0,35,14,0.4911,0.6378,0.3367,0.7489,0.5644,0.5428,511,70,7.3,13,4,3,2,1.384027778,0.5536,28.5,0.3077,0.6667,0.06,0.6,42,202,4.8,0.6,0.3953,27,18,9,0.6667,309,1,0.0357,179.8,0.4,0.6047,11.4,17.2,0,0,--,4,146,10,33.4,0.122,-39,3,0.6667,3,1,10,3,0,7,0,0,3,7,334,82,4.1,16,20,7,4,2,1.115972222,0.4464,19.6,0.35,0.5,0.1,4,30,82,4,2.7,0.3659,0.2455,50,24,26,0.48,252,11,92.9,0.0385,0.6341,0.7545,2,5,10.5,1,1,8,302,1,0,0,0,1,+1.0,1,2,1,1,2,-1,0.037,0.5,--,0.5,0.02,0.5,0.5,--,3,19,5,10,73,1,6.3,0.02,7.3,0.07
Boise St,1-1-2,45,+4.0,11.3,-1.4,0.643,+4.0,11.3,-1.4,0.643,0.093,4.5,4.5,1,6,45,1,8.5,15.5,4,17,0,24,21,0.5678,0.4672,0.5356,0.4006,0.5175,0.4681,510,70,7.3,15,8,1,0,1.231944444,0.4928,25.3,0.5333,0,0.06,0.6,34,296,8.7,0.4857,0.5804,35.5,19.5,16,0.5493,214,0.5,0.0139,112,0.5143,0.4196,6,11,1.5,1,0.6667,4.5,209.5,41,9.9,0.55,-4,4.5,1,3,4.5,34.5,3.5,11.5,13.5,12.5,0,15,26,407,74.5,5.5,21.5,15.5,8,1,0.5,1.268055556,0.5072,24.5,0.5161,0.5,0.07,0.8,35,124.5,8,3.6,0.4698,0.3059,35.5,23,12.5,0.6479,282.5,11,150.2,0.1013,0.5302,0.6941,4,8,12.3,1,1,5.5,251.5,0.5,0.5,0,0.5,0.5,+1.0,0,3.5,1.5,2,1.5,-1,0.0141,0.5,1,0.4286,0,0.5,0.5714,0,7,70,0.5,6.5,54.5,2.5,10,0.05,8.4,0.04
UCF,2-0-0,45,+31.0,12.3,8.2,0.592,+31.0,12.3,8.2,0.592,0.333,6,5,0.8333,6,45,1,14,10,14,7,0,24,21,0.7822,0.6822,0.3611,0.4444,0.7322,0.4028,554,76,7.3,13,8,2,1,1.41875,0.5675,26.9,0.6154,0.5,0.03,0.3,57,384,6.7,0.75,0.6931,17,14,3,0.8235,170,2,0.1053,166.4,0.25,0.3069,10,12.1,1,1,1,2,78,14,20.5,0.259,-31,1,1,--,2,14,0,7,0,7,0,7,7,287,54,5.3,12,12,5,1,0,1.08125,0.4325,28.8,0.4167,0,0.11,3,29,68,1,2.3,0.537,0.2369,24,17,7,0.7083,219,10,158.3,0.04,0.463,0.7631,1,9.1,12.9,0,0,6,170,0,1,1,0,1,+1.0,2,2,0,2,2,-1,0,0,0,0,0.0833,1,1,1,6,45,0,6,35,1,7.5,0.05,5.8,0.05
Miami,2-0-0,41,+24.0,12.9,2.5,0.586,+24.0,12.9,2.5,0.586,0.287,6,5,0.8333,5,41,1,7,17,14,3,0,24,17,0.53,0.7567,0.4533,0.56,0.6433,0.5067,529,70,7.6,10,5,0,0,1.4375,0.575,29.6,0.5,--,0.03,0.3,33,144,4.4,0.4714,0.2722,36,26,10,0.7222,385,1,0.027,184,0.5286,0.7278,10.7,14.8,3,2,0.6667,2,97,17,15.4,0.298,-24,1,1,3,2,17,3,7,0,7,0,10,7,261,57,4.6,17,9,1,2,1,1.0625,0.425,26.8,0.1111,0.5,0.09,1.7,28,139,8,5,0.4912,0.5326,26,14,12,0.5385,122,7,77.9,0.1034,0.5088,0.4674,3,4.7,8.7,1,1,5,238,1,0,0,0,1,+1.0,2,1,0,1,2,-1,0.0278,0,--,0,0.0769,1,1,--,2,26,2,2,25,2,13,0.02,12.5,0.02
Arizona St,2-0-0,39,+24.0,11.7,1.9,0.517,+24.0,11.7,1.9,0.517,0.251,4.5,3.5,0.7778,3,28.5,0.731,13.5,13.5,12,0,0,27,12,0.6389,0.5944,0.625,0.7178,0.6167,0.6714,457,75.5,6.1,15,6.5,2,2,1.609722222,0.644,30.7,0.4333,1,0.03,0.4,53,293.5,5.5,0.702,0.6422,21,12,9,0.5714,163.5,1.5,0.0667,138.3,0.298,0.3578,7.8,13.6,3.5,2.5,0.7143,2.5,105.5,15,13.7,0.265,-24,2,1,3,2,15.5,0,1.5,3.5,10,0,1.5,13.5,205,56.5,3.6,13,12,3,1.5,1,0.8895833333,0.356,22.7,0.25,0.6667,0.1,2.2,29.5,32,4.5,1.1,0.5221,0.1561,24,14,10,0.5833,173,7,131.2,0.1111,0.4779,0.8439,3,7.2,12.4,0.5,0.5,5.5,257,0,0,0,0,0,+2.0,1,1.5,1,0.5,2,-2,0,0.6667,--,0.6667,0.0417,0.3333,0.3333,--,6.5,57.5,1,5,50,1.5,8.8,0.05,10,0.04
Oklahoma St,2-0-0,39,+8.0,9.9,11,0.527,+8.0,9.9,11,0.527,0.204,7,6,0.8571,3,30,0.811,0,7,6,18,8,7,24,0.4167,0.1944,0.5233,0.45,0.3056,0.4867,385,74,5.2,16,5,2,1,0.9902777778,0.3961,19.3,0.3125,0.5,0.07,0.7,26,59,2.3,0.3514,0.1532,48,27,21,0.5625,326,0,0,116,0.6486,0.8468,6.8,12.1,4,3,0.75,5,208,31,20.9,0.323,-8,6,0.5,1,4,31,14,7,0,10,0,21,10,648,96,6.8,33,19,11,2,0,1.509722222,0.6039,22.6,0.5789,0,0.03,0.6,47,232,15,4.9,0.4896,0.358,46,26,20,0.5652,416,18,135.3,0.0612,0.5104,0.642,3,9,16,3,1,3,137,1,0,0,0,1,+2.0,1,4,2,2,3,-2,0.0208,0.5,--,0.5,0.0217,0.5,0.5,--,6,60,4,7,71,0,10,0.04,10.1,0.04
New Mexico,0-2-0,39,-22,12.1,-1.8,0.488,-22,12.1,-1.8,0.488,-0.583,6,6,1,5,38,1,14,10,7,8,0,24,15,0.7011,0.5267,0.5722,0.5311,0.6139,0.5517,471,80,5.9,13,6,2,2,1.456944444,0.5828,26.2,0.4615,1,0.05,0.7,38,211,5.6,0.475,0.448,42,24,18,0.5714,260,0,0,123.2,0.525,0.552,6.2,10.8,1,1,1,4,166,61,10.3,1.07,+22.0,2,1,3,8,62,14,13,21,13,0,27,34,627,57,11,22,12,8,1,1,1.043055556,0.4172,26.4,0.6667,1,0.02,0.1,26,205,9,7.9,0.4561,0.327,31,19,12,0.6129,422,12,211.8,0,0.5439,0.673,0,13.6,22.2,2,2,1,48,2,0,0,0,2,0,1,2,1,1,2,0,0.0476,0.5,--,0.5,0.0323,0.5,0.5,--,8,65,4,9,100,1,8.1,0.06,11.1,0.07
USC,2-0-0,37.5,+27.5,13.3,17.3,0.543,+27.5,13.3,17.3,0.543,0.373,6.5,6,0.9231,4.5,37.5,1,5,13.5,5,14,0,18.5,19,0.4278,0.5239,0.5794,0.465,0.4758,0.5222,497.5,69,7.2,9.5,4.5,1,0.5,1.247222222,0.499,26,0.4737,0.5,0.03,0.3,29,161,5.6,0.4203,0.3236,39,28,11,0.7179,336.5,1,0.025,152.7,0.5797,0.6764,8.6,12,2.5,2,0.8,2,100.5,10,30.6,0.171,-27.5,2.5,0.6,2,1,10,0,5,3.5,1.5,0,5,5,305.5,58.5,5.2,15.5,12,3.5,2,0.5,1.252083333,0.501,30.8,0.2917,0.25,0.09,2.5,24.5,102,4.5,4.2,0.4188,0.3339,32.5,23.5,9,0.7231,203.5,11,128.9,0.0441,0.5812,0.6661,1.5,6.3,8.7,1.5,1,5,188.5,0,1.5,0.5,1,0.5,+0.5,1,1,0,1,1,-0.5,0,0.4,0.6667,0,0.0308,0.6,1,0.3333,5,38.5,2,9.5,81.5,0,7.7,0.04,8.6,0.07
Wash State,2-0-0,37,+21.0,11.2,19.4,0.561,+21.0,11.2,19.4,0.561,0.379,5,4,0.8,5,38,1,7,20,7,3,0,27,10,0.5589,0.3811,0.5211,0.5444,0.47,0.5328,416,66,6.3,13,3,3,2,1.253472222,0.5014,27.3,0.2308,0.6667,0.08,0.8,46,301,6.5,0.697,0.7236,19,9,10,0.4737,115,1,0.05,105.1,0.303,0.2764,6.1,12.8,2,1,0.5,5,211,16,30.7,0.182,-21,4,0.75,3,2,17,3,7,0,6,0,10,6,491,88,5.6,24,19,10,5,1,1.246527778,0.4986,20.4,0.5263,0.2,0.03,1,27,148,8,5.5,0.3068,0.3014,60,35,25,0.5833,343,15,110.7,0.0164,0.6932,0.6986,1,5.7,9.8,1,1,3,128,1,1,0,1,1,+3.0,2,2,2,0,4,-3,0.0526,1,1,1,0.0333,0,0,0,3,30,2,10,80,1,10,0.02,8,0.06
Maryland,1-1-2,37,+20.0,13.1,10.5,0.493,+20.0,13.1,10.5,0.493,0.24,4,4,1,4.5,37.5,1,14,4.5,8,10.5,0,18.5,18.5,0.6567,0.5161,0.4861,0.5689,0.5864,0.5275,484,75,6.5,16.5,8.5,0.5,0.5,1.392361111,0.5569,26.7,0.5152,1,0.07,0.8,38.5,167,4.3,0.5133,0.345,35.5,26.5,9,0.7465,317,1,0.0274,170.1,0.4867,0.655,8.9,12,2.5,2,0.8,5,231.5,17,23.6,0.254,-20,2,0.5,2,2,17,3.5,5,3.5,5,0,8.5,8.5,401.5,67,6,18.5,15,6.5,0.5,0,1.107638889,0.4431,23.8,0.4333,0,0.08,1.8,30,109,6,3.6,0.4478,0.2715,36,19,17,0.5278,292.5,10,125.5,0.027,0.5522,0.7285,1,8.1,15.4,1.5,1,5.5,245.5,0.5,0,0,0,0.5,+2.5,2.5,1,0.5,0.5,3,-2.5,0.0141,0.5,--,0.5,0.0694,0.5,0.5,--,7,62.5,2.5,7.5,71,2.5,8.9,0.05,9.5,0.05
Clemson,1-1-2,34.5,+7.5,13,2,0.543,+7.5,13,2,0.543,0.134,3.5,3,0.8571,4.5,34.5,1,17.5,10.5,6.5,0,0,28,6.5,0.51,0.3994,0.5183,0.5339,0.4547,0.5261,450,63.5,7.1,12.5,5,2,0.5,1.225694444,0.4904,27.8,0.4,0.25,0.07,0.8,28.5,149,5.2,0.4488,0.3311,34,25,9,0.7353,301,1,0.0286,169.2,0.5512,0.6689,8.9,12,1,1,1,4.5,198,27,15,0.409,-7.5,4.5,0.8889,3,3,27,0,9.5,10.5,7,0,9.5,17.5,405,66,6.1,21.5,12,4,0,0,1.273611111,0.5096,27.8,0.3333,--,0.09,1.2,27,159,8.5,5.9,0.4091,0.3926,38,20.5,17.5,0.5395,246,11,116.1,0.0256,0.5909,0.6074,1,6.5,12,2,2,6,247.5,0.5,1.5,0.5,1,1,+0.5,1,0.5,0.5,0,1.5,-0.5,0.0147,0.75,0.6667,1,0.0263,0.25,0,0.3333,5.5,50,2,7,71.5,2,9.1,0.04,10.2,0.05
Penn St,2-0-0,34,+14.5,13.2,2.8,0.571,+14.5,13.2,2.8,0.571,0.28,3.5,3,0.8571,4.5,34.5,1,3.5,16.5,7,7,0,20,14,0.2822,0.4267,0.74,0.4983,0.3544,0.6192,447.5,59.5,7.5,10,3.5,1,1,1.216666667,0.4868,29.5,0.35,1,0.07,0.7,39.5,228,5.8,0.6639,0.5095,19,12.5,6.5,0.6579,219.5,1,0.05,209.7,0.3361,0.4905,11.6,17.6,1.5,1,0.6667,4,182,19.5,15.9,0.291,-14.5,3.5,0.8571,3,2,20,5,10,0,4.5,0,15,4.5,310.5,67,4.6,19.5,14,5.5,2.5,1.5,1.282638889,0.5132,27.6,0.3929,0.6,0.05,0.9,31.5,103,7,3.3,0.4701,0.3317,34.5,20,14.5,0.5797,207.5,11,109.4,0.0282,0.5299,0.6683,1,6,10.4,2,2,3.5,149,0.5,1,0.5,0.5,1,+1.5,1.5,2,1,1,2.5,-1.5,0.0263,0.5,0.5,0.5,0.0435,0.5,0.5,0.5,7.5,68,0,2,11.5,1.5,9.1,0.06,5.8,0.02
Vanderbilt,2-0-0,34,+7.0,10.9,3.8,0.515,+7.0,10.9,3.8,0.515,0.118,5,5,1,4,34,1,3,14,3,7,7,17,10,0.7067,0.52,0.5222,0.5533,0.6133,0.5378,371,66,5.6,12,5,1,1,1.438888889,0.5756,31.4,0.4167,1,0.06,0.7,48,181,3.8,0.7273,0.4879,16,12,4,0.75,190,2,0.1111,216,0.2727,0.5121,11.9,15.8,3,2,0.6667,4,187,27,14.7,0.397,-7,4,0.75,3,3,27,0,3,10,14,0,3,24,397,68,5.8,21,15,7,2,1,1.061111111,0.4244,22.5,0.4667,0.5,0.04,0.6,30,75,8,2.5,0.4412,0.1889,34,22,12,0.6471,322,10,157.8,0.1053,0.5588,0.8111,4,9.5,14.6,2,2,3,139,0,3,0,3,0,+1.0,1,0,0,0,1,-1,0,1,1,--,0.0294,0,--,0,6,65,1,5,40,3,10.8,0.04,8,0.04
Kansas St,2-0-0,34,+7.0,11.6,6.5,0.607,+7.0,11.6,6.5,0.607,0.227,3,3,1,3,27,0.794,3,7,10,14,0,10,24,0.5156,0.3933,0.5622,0.3128,0.4544,0.4379,396,56,7.1,10,2,1,1,1.113888889,0.4462,28.6,0.2,1,0.09,0.8,33,215,6.5,0.5893,0.5429,23,15,8,0.6522,181,0,0,160,0.4107,0.4571,7.9,12.1,3,2,0.6667,5,195,27,18.2,0.38,-7,6,0.6667,3,3,27,7,13,0,7,0,20,7,491,71,6.9,21,13,5,2,1,1.382638889,0.5538,28,0.3846,0.5,0.06,0.8,37,149,5,4,0.5211,0.3035,29,19,10,0.6552,342,13,180.4,0.1471,0.4789,0.6965,5,11.8,18,2,2,4,173,0,0,0,0,0,+2.0,1,2,1,1,2,-2,0,0.5,--,0.5,0.0345,0.5,0.5,--,7,55,1,9,80,3,7.9,0.06,8.9,0.07
TX Christian,2-0-0,34,+7.0,13.4,-2.8,0.442,+7.0,13.4,-2.8,0.442,0.091,6,5,0.8333,4,34,1,7,3,10,14,0,10,24,0.4456,0.4656,0.6122,0.4933,0.4556,0.5528,457,77,5.9,15,8,1,0,1.260416667,0.5042,23.6,0.5333,0,0.03,0.3,34,104,3.1,0.4416,0.2276,42,28,14,0.6667,353,1,0.0233,153,0.5584,0.7724,8.4,12.6,3,2,0.6667,2,75,27,10.6,0.351,-7,4,1,3,3,27,7,10,0,10,0,17,10,286,77,3.7,17,15,5,5,2,1.239583333,0.4958,23.2,0.3333,0.4,0.04,0.6,37,121,7,3.3,0.4805,0.4231,36,18,18,0.5,165,6,101.3,0.1,0.5195,0.5769,4,4.6,9.2,2,2,3,127,0,3,2,1,2,-1,1,1,0,1,1,+1.0,0,0.25,0.3333,0,0.0278,0.75,1,0.6667,7,100,1,4,24,4,14.3,0.05,6,0.03
GA Southern,1-1-2,32.5,-4,11.5,4.3,0.445,-4,11.5,4.3,0.445,-0.062,4,4,1,4,32.5,1,3.5,13,8.5,7.5,0,16.5,16,0.3561,0.4828,0.5028,0.4628,0.4194,0.4828,373,73,5.1,14.5,7,1,0.5,1.127777778,0.4511,22.2,0.4828,0.5,0.07,0.9,27,90.5,3.4,0.3699,0.2426,43.5,25.5,18,0.5862,282.5,2.5,0.0543,128.3,0.6301,0.7574,6.5,11.1,1.5,1.5,1,5,201.5,36.5,15.7,0.507,+4.0,3.5,1,3,5,36.5,14,7,5.5,10,0,21,15.5,574.5,72,8,24.5,14,8.5,2,0.5,1.372222222,0.5489,27.4,0.6071,0.25,0.03,0.5,38.5,299,11,7.8,0.5347,0.5205,33,22.5,10.5,0.6818,275.5,11.5,145.3,0.0149,0.4653,0.4795,0.5,8.3,12.2,0.5,0.5,2.5,96.5,0,2,0.5,1.5,0.5,+0.5,0.5,1.5,0.5,1,1,-0.5,0,0.5714,0.75,0.3333,0.0152,0.4286,0.6667,0.25,7,67.5,3.5,11,112,2,9.6,0.05,10.2,0.08
UL Monroe,2-0-0,32,+26.0,9.3,33.9,0.5,+26.0,9.3,33.9,0.5,0.417,5,5,1,2,23,0.719,3,10,9,10,0,13,19,0.5956,0.46,0.7122,0.4489,0.5278,0.5806,296,64,4.6,14,5,2,0,1.385416667,0.5542,31.2,0.3571,0,0.06,0.7,48,209,4.4,0.75,0.7061,16,9,7,0.5625,87,0,0,101.9,0.25,0.2939,5.4,9.7,3,3,1,4,168,6,43.2,0.083,-26,1,1,3,0,6,3,3,0,0,0,6,0,259,72,3.6,18,13,6,2,0,1.114583333,0.4458,22.3,0.4615,0,0.04,1.5,35,92,9,2.6,0.4861,0.3552,32,22,10,0.6875,167,9,106.3,0.1351,0.5139,0.6448,5,5.2,7.6,2,2,3,92,0,0,0,0,0,+3.0,1,2,2,0,3,-3,0,1,--,1,0.0313,0,0,--,6,45,2,9,66,0,7.5,0.04,7.3,0.07
Arkansas,1-1-2,31,-8,20.9,-11,0.323,-8,20.9,-11,0.323,-0.204,6,3,0.5,4,31,1,14,7,0,10,0,21,10,0.5833,0.8056,0.4767,0.55,0.6944,0.5133,648,96,6.8,19,11,2,0,1.509722222,0.6039,22.6,0.5789,0,0.03,0.6,47,232,4.9,0.4896,0.358,46,26,20,0.5652,416,3,0.0612,135.3,0.5104,0.642,9,16,3,1,0.3333,3,137,39,9.9,0.527,+8.0,7,0.8571,2.3,3,30,0,7,6,18,8,7,24,385,74,5.2,21,16,5,2,1,0.9902777778,0.3961,19.3,0.3125,0.5,0.07,0.7,26,59,2,2.3,0.3514,0.1532,48,27,21,0.5625,326,15,116,0,0.6486,0.8468,0,6.8,12.1,4,3,5,208,1,4,2,2,3,-2,1,0,0,0,1,+2.0,0.0217,0.5,0.5,--,0.0208,0.5,--,0.5,7,71,0,6,60,4,10.1,0.04,10,0.04
Virginia,2-0-0,31,+1.0,13.9,4.3,0.431,+1.0,13.9,4.3,0.431,0.093,3,3,1,4,31,1,3,14,0,14,0,17,14,0.5111,0.5389,0.24,0.5656,0.525,0.4028,430,72,6,14,3,3,3,1.159722222,0.4639,23.2,0.2143,1,0.08,1.2,28,73,2.6,0.3889,0.1698,43,33,10,0.7674,357,1,0.0227,160.2,0.6111,0.8302,8.3,10.8,1,1,1,6,234,30,18.1,0.337,-1,6,1,3,3,30,10,10,10,0,0,20,10,544,89,6.1,25,15,5,4,2,1.340277778,0.5361,21.7,0.3333,0.5,0.03,0.5,40,141,8,3.5,0.4494,0.2592,43,27,16,0.6279,403,16,149.2,0.1224,0.5506,0.7408,6,9.4,14.9,3,3,3,126,2,0,0,0,2,-1,0,1,1,0,1,+1.0,0.0465,1,--,1,0,0,0,--,5,50,1,4,35,1,10,0.03,8.8,0.02
Wake Forest,1-1-2,30,-1,18.1,-4.3,0.337,-1,18.1,-4.3,0.337,-0.093,6,6,1,3,30,1,10,10,10,0,0,20,10,0.4889,0.4611,0.76,0.4344,0.475,0.5972,544,89,6.1,15,5,4,2,1.340277778,0.5361,21.7,0.3333,0.5,0.03,0.5,40,141,3.5,0.4494,0.2592,43,27,16,0.6279,403,6,0.1224,149.2,0.5506,0.7408,9.4,14.9,3,3,1,3,126,31,13.9,0.431,+1.0,3,1,3,4,31,3,14,0,14,0,17,14,430,72,6,23,14,3,3,3,1.159722222,0.4639,23.2,0.2143,1,0.08,1.2,28,73,3,2.6,0.3889,0.1698,43,33,10,0.7674,357,19,160.2,0.0227,0.6111,0.8302,1,8.3,10.8,1,1,6,234,0,1,1,0,1,+1.0,2,0,0,0,2,-1,0,0,0,--,0.0465,1,--,1,4,35,1,5,50,1,8.8,0.02,10,0.03
James Mad,2-0-0,30,+23.0,13.8,32.5,0.5,+23.0,13.8,32.5,0.5,0.41,4,2,0.5,4,31,1,3,6,7,14,0,9,21,0.3067,0.4778,0.6478,0.4544,0.3922,0.5511,413,60,6.9,11,4,3,1,1.179166667,0.4717,28.3,0.3636,0.3333,0.03,0.4,40,194,4.9,0.6667,0.4697,18,10,8,0.5556,219,2,0.1,183.3,0.3333,0.5303,12.2,21.9,1,1,1,2,95,7,46.3,0.09,-23,1,0,--,1,7,0,7,0,0,0,7,0,324,78,4.2,17,19,7,5,2,1.320833333,0.5283,24.4,0.3684,0.4,0.05,4,31,131,6,4.2,0.3974,0.4043,45,22,23,0.4889,193,11,83.4,0.0426,0.6026,0.5957,2,4.3,8.8,0,0,4,155,1,1,1,0,2,+1.0,2,3,1,2,3,-1,0.0556,0.25,0,0.3333,0.0444,0.75,0.6667,1,3,30,1,6,44,0,10,0.02,7.3,0.04
Washington,2-0-0,30,+21.0,17.2,5.4,0.536,+21.0,17.2,5.4,0.536,0.409,3,3,1,4,31,1,0,21,9,0,0,21,9,0.3589,0.5267,0.5578,0.4289,0.4428,0.4933,517,56,9.2,9,4,1,1,1.170138889,0.4681,30.1,0.4444,1,0.04,0.4,27,201,7.4,0.4821,0.3888,29,24,5,0.8276,316,0,0,219.8,0.5179,0.6112,10.9,13.2,1,1,1,2,100,9,22.7,0.127,-21,2,0.5,3,0,9,3,3,0,3,0,6,3,204,71,2.9,17,14,3,3,2,1.329861111,0.5319,27,0.2143,0.6667,0.06,1.3,37,75,9,2,0.5211,0.3676,27,16,11,0.5926,129,4,99.4,0.2059,0.4789,0.6324,7,4.8,8.1,3,3,4,177,0,2,1,1,1,0,0,1,1,0,1,0,0,0.6667,0.5,1,0,0.3333,0,0.5,8,100,2,4,42,4,12.5,0.06,10.5,0.03
Florida Intl,1-1-2,29.5,+6.0,8.3,8.3,0.513,+6.0,8.3,8.3,0.513,0.206,2,2,1,3.5,26,0.881,3.5,14,4,8,0,17.5,12,0.4522,0.4017,0.345,0.5689,0.4269,0.4569,245.5,57.5,4.3,12,3.5,2.5,1,1.104861111,0.4419,27.7,0.2917,0.4,0.1,1.2,31.5,119,3.8,0.5478,0.4847,23.5,15,8.5,0.6383,126.5,2.5,0.0962,125.9,0.4522,0.5153,5.4,8.4,0.5,0.5,1,5.5,225.5,23.5,16.7,0.307,-6,3,0.8333,1.5,3,22.5,7,7.5,5.5,3.5,0,14.5,9,391.5,76.5,5.1,22.5,14.5,6,3,1.5,1.395138889,0.5581,26.3,0.4138,0.5,0.05,1,40,206.5,12,5.2,0.5229,0.5275,34.5,19,15.5,0.5507,185,10,100,0.0548,0.4771,0.4725,2,5.4,9.7,1,0.5,3.5,137,0.5,1,0,1,0.5,+2.5,2.5,2.5,0.5,2,3,-2.5,0.0213,0.4286,1,0.2,0.0725,0.5714,0.8,0,3.5,40,1,9.5,75,0.5,11.4,0.03,7.9,0.07
VA Tech,1-1-2,29,+5.0,12.7,0.8,0.403,+5.0,12.7,0.8,0.403,0.034,4,3.5,0.875,3,25.5,0.879,3.5,3,12,10.5,0,6.5,22.5,0.4461,0.5511,0.6239,0.4417,0.4986,0.5328,367.5,72,5.1,15.5,6,2,1,1.288888889,0.5157,25.8,0.3871,0.5,0.07,1,40.5,141.5,3.5,0.5625,0.385,27.5,18,9.5,0.6545,226,4,0.127,148.9,0.4375,0.615,8.2,12.6,1.5,1.5,1,5,197.5,24,13.5,0.369,-5,4.5,0.7778,1.5,3,24,1.5,10.5,5,3.5,3.5,12,8.5,324.5,65,5,16,14.5,5,2,1,1.210416667,0.4843,26.8,0.3448,0.5,0.09,1.5,37,164,8,4.4,0.5692,0.5054,26,12.5,13.5,0.4808,160.5,7,115.1,0.0714,0.4308,0.4946,2,6.2,12.8,2,1,6,254,0.5,1,0,1,0.5,0,0.5,2,0,2,0.5,0,0.0182,0.3333,1,0,0.0192,0.6667,1,0,6.5,49,3,5.5,55,1,7.5,0.05,10,0.04
S Alabama,0-2-0,29,-10.5,15.8,-3.6,0.389,-10.5,15.8,-3.6,0.389,-0.167,4.5,4.5,1,3.5,30.5,1,1.5,13,7,7.5,0,14.5,14.5,0.5272,0.4667,0.6228,0.3228,0.4969,0.4728,458.5,74.5,6.2,14.5,5.5,2,1.5,1.211805556,0.4849,23.4,0.3793,0.75,0.07,0.9,30,129.5,4.3,0.4027,0.2824,43,24.5,18.5,0.5698,329,1.5,0.0337,136.6,0.5973,0.7176,7.7,13.4,2,2,1,5,178.5,39.5,12.2,0.556,+10.5,4.5,0.8889,2.3,4.5,36,5,10.5,17.5,6.5,0,15.5,24,481.5,71,6.8,24,13.5,7,1,0.5,1.2875,0.5151,26.1,0.5185,0.5,0.04,0.5,35,156.5,5.5,4.5,0.493,0.325,35,26.5,8.5,0.7571,325,17.5,172.6,0.0278,0.507,0.675,1,9.3,12.3,2,1.5,3,123,0,1,0.5,0.5,0.5,0,0,1,0.5,0.5,0.5,0,0,0.5,0.5,0.5,0,0.5,0.5,0.5,8,65,1.5,7,68,1,8.1,0.05,9.7,0.05
GA Tech,2-1-2,29,+7.7,13.9,4.4,0.483,+7.7,13.9,4.4,0.483,0.16,2.7,2.7,1,4,29,1,7,7,4.7,10.3,0,14,15,0.4126,0.4311,0.4711,0.5181,0.4219,0.4946,404.3,60,6.7,10.7,5.3,1.3,1,1.145138889,0.4582,27.5,0.5,0.75,0.05,0.7,31.3,175.7,5.6,0.5222,0.4345,28.7,21.7,7,0.7558,228.7,0,0,151.8,0.4778,0.5655,8,10.6,1,0.3,0.3333,3,136.3,21.3,18.3,0.323,-7.7,3,0.7778,2.5,2.3,21.3,5,7.7,4,4.7,0,12.7,8.7,390.3,66,5.9,22.3,13.7,6,3,2,1.354166667,0.5418,29.6,0.439,0.6667,0.03,0.5,29.7,129,7.7,4.3,0.4495,0.3305,35.7,23.3,12.3,0.6542,261.3,13.7,142.4,0.0183,0.5505,0.6695,0.7,7.3,11.2,2,1.7,2,87.3,0.3,0.7,0,0.7,0.3,0,0,0.3,0.3,0,0.3,0,0.0116,1,1,1,0,0,0,0,4.7,40.7,0.7,3.3,31.7,1,8.7,0.04,9.5,0.03
N Carolina,2-0-0,28.5,+10.0,13,3.3,0.407,+10.0,13,3.3,0.407,0.096,2.5,2.5,1,3,28.5,1,7,7,8,6.5,0,14,14.5,0.3644,0.5344,0.6844,0.5472,0.4494,0.6158,371,70,5.3,13.5,7,0.5,0,1.33125,0.5326,27.4,0.5185,0,0.04,0.5,43,208,4.8,0.6143,0.5606,24.5,15.5,9,0.6327,163,2.5,0.0926,124.5,0.3857,0.4394,6.7,10.5,3,2.5,0.8333,2.5,121.5,18.5,16.3,0.311,-10,3.5,0.8571,1.8,2,18.5,1.5,8.5,3.5,5,0,10,8.5,301,59.5,5.1,13.5,13,3,2,1.5,1.168055556,0.4674,28.3,0.2308,0.75,0.1,1.7,29,63.5,3.5,2.2,0.4874,0.211,26.5,15,11.5,0.566,237.5,8,144.3,0.1311,0.5126,0.789,4,9,15.8,2.5,1.5,6,255.5,1,1,0,1,1,-0.5,0,1,0.5,0.5,0.5,+0.5,0.0408,0.75,1,0.5,0,0.25,0.5,0,5.5,56,3.5,7,61,2,10.2,0.04,8.7,0.05
Wisconsin,2-0-0,28,+14.0,13.9,4.8,0.337,+14.0,13.9,4.8,0.337,0.073,6,5,0.8333,3,27,1,0,10,3,15,0,10,18,0.6544,0.4156,0.6122,0.6711,0.535,0.6417,388,83,4.7,16,10,1,1,1.470833333,0.5883,25.5,0.625,1,0.01,0.2,46,196,4.3,0.5542,0.5052,36,21,15,0.5833,192,1,0.027,103.1,0.4458,0.4948,5.3,9.1,3,2,0.6667,1,50,14,18.6,0.264,-14,2,1,0,2,14,0,7,0,7,0,7,7,261,53,4.9,13,10,3,4,2,1.029166667,0.4117,28,0.3,0.5,0.04,1,33,120,6,3.6,0.6226,0.4598,19,12,7,0.6316,141,7,115,0.05,0.3774,0.5402,1,7.4,11.8,1,0,2,96,0,2,1,1,1,+1.0,1,1,1,0,2,-1,0,0.6667,0.5,1,0.0526,0.3333,0,0.5,3,11,1,3,25,0,3.7,0.02,8.3,0.02
Arkansas St,2-0-0,28,+4.0,14.5,0.6,0.384,+4.0,14.5,0.6,0.384,-0.01,0,0,--,3,21,0.75,7,0,21,0,0,7,21,0.5711,0.3967,0.5475,0.78,0.4839,0.6641,405,73,5.5,17,8,1,0,1.432638889,0.5739,28.3,0.4706,0,0.05,1,40,150,3.8,0.5479,0.3704,32,21,11,0.6563,255,1,0.0303,146.9,0.4521,0.6296,8,12.1,1,0,0,4,175,24,15.1,0.393,-4,0,--,3,3,24,3,14,7,0,0,17,7,362,61,5.9,19,13,5,0,0,1.067361111,0.4261,25.2,0.3846,--,0.11,1.8,32,163,6,5.1,0.5246,0.4503,29,16,13,0.5517,199,11,117.3,0,0.4754,0.5497,0,6.9,12.4,1,1,7,319,1,2,1,1,2,0,1,1,1,0,2,0,0.0313,0.6667,0.5,1,0.0345,0.3333,0,0.5,8,74,3,6,55,2,9.3,0.06,9.2,0.04
Boston Col,2-0-0,28,+15.0,13.2,9.4,0.394,+15.0,13.2,9.4,0.394,0.181,5,4,0.8,4,28,1,0,14,14,0,0,14,14,0.9433,0.4911,0.55,0.6256,0.7172,0.5878,369,71,5.2,16,9,0,0,1.63125,0.6525,33.1,0.5625,--,0.08,1.5,52,263,5.1,0.7324,0.7127,16,10,6,0.625,106,3,0.1579,159.4,0.2676,0.2873,6.6,10.6,0,0,--,6,238,13,22.5,0.213,-15,2,1,3,1,13,0,6,7,0,0,6,7,293,61,4.8,13,14,3,3,1,0.86875,0.3475,20.5,0.2143,0.3333,0.1,2,16,21,3,1.3,0.2623,0.0717,42,21,21,0.5,272,10,107.5,0.0667,0.7377,0.9283,3,6.5,13,2,2,6,313,0,2,0,2,0,+1.0,1,0,0,0,1,-1,0,1,1,--,0.0238,0,--,0,1,15,0,7,50,0,15,0.01,7.1,0.05
Tulane,1-1-2,27,-7,18.2,-6.5,0.38,-7,18.2,-6.5,0.38,-0.227,6,4,0.6667,3,27,1,7,13,0,7,0,20,7,0.4844,0.6067,0.4378,0.6872,0.5456,0.5621,491,71,6.9,13,5,2,1,1.382638889,0.5538,28,0.3846,0.5,0.06,0.8,37,149,4,0.5211,0.3035,29,19,10,0.6552,342,5,0.1471,180.4,0.4789,0.6965,11.8,18,2,2,1,4,173,34,11.6,0.607,+7.0,3,1,2,3,27,3,7,10,14,0,10,24,396,56,7.1,19,10,2,1,1,1.113888889,0.4462,28.6,0.2,1,0.09,0.8,33,215,9,6.5,0.5893,0.5429,23,15,8,0.6522,181,9,160,0,0.4107,0.4571,0,7.9,12.1,3,2,5,195,1,2,1,1,2,-2,0,0,0,0,0,+2.0,0.0345,0.5,0.5,--,0,0.5,--,0.5,9,80,3,7,55,1,8.9,0.07,7.9,0.06
Stanford,1-1-2,27,-7,10.6,2.8,0.351,-7,10.6,2.8,0.351,-0.091,4,4,1,3,27,1,7,10,0,10,0,17,10,0.5544,0.5344,0.3878,0.5067,0.5444,0.4472,286,77,3.7,15,5,5,2,1.239583333,0.4958,23.2,0.3333,0.4,0.04,0.6,37,121,3.3,0.4805,0.4231,36,18,18,0.5,165,4,0.1,101.3,0.5195,0.5769,4.6,9.2,2,2,1,3,127,34,13.4,0.442,+7.0,6,0.8333,2,4,34,7,3,10,14,0,10,24,457,77,5.9,24,15,8,1,0,1.260416667,0.5042,23.6,0.5333,0,0.03,0.3,34,104,10,3.1,0.4416,0.2276,42,28,14,0.6667,353,13,153,0.0233,0.5584,0.7724,1,8.4,12.6,3,2,2,75,1,1,0,1,1,+1.0,0,3,2,1,2,-1,0.0278,0.75,1,0.6667,0,0.25,0.3333,0,4,24,4,7,100,1,6,0.03,14.3,0.05
Cincinnati,1-1-2,27,-1,16.6,1.2,0.346,-1,16.6,1.2,0.346,-0.054,5,4,0.8,3,27,1,14,3,10,0,0,17,10,0.5644,0.8522,0.5311,0.48,0.7083,0.5056,449,78,5.8,16,7,1,1,1.517361111,0.6069,28,0.4375,1,0.05,0.8,37,151,4.1,0.4744,0.3363,38,22,16,0.5789,298,3,0.0732,149.8,0.5256,0.6637,7.8,13.5,3,2,0.6667,4,194,28,17.8,0.4,+1.0,2,1,3,3,30,3,3,7,15,0,6,22,498,70,7.1,24,11,4,2,1,0.9826388889,0.3931,20.2,0.3636,0.5,0.04,0.5,33,196,10,5.9,0.4714,0.3936,35,20,15,0.5714,302,12,152.2,0.0541,0.5286,0.6064,2,8.6,15.1,3,3,3,95,0,1,1,0,1,0,1,1,0,1,1,0,0,0,0,0,0.0286,1,1,1,6,59,0,5,50,2,9.8,0.04,10,0.03
S Carolina,2-0-0,27,+14.5,10,9.5,0.394,+14.5,10,9.5,0.394,0.222,4,3.5,0.875,2.5,23.5,0.87,8.5,3,8.5,7,0,11.5,15.5,0.5739,0.4244,0.715,0.4006,0.4992,0.5578,270,68.5,3.9,14,4,1,1,1.320833333,0.5285,27.8,0.2857,1,0.08,1.1,45.5,126.5,2.8,0.6642,0.4685,19,10.5,8.5,0.5526,143.5,4,0.1739,130.8,0.3358,0.5315,7.6,13.7,2.5,2,0.8,5.5,232,12.5,19.5,0.172,-14.5,2,0.75,3,1,13,3.5,3,4.5,1.5,0,6.5,6,244,72.5,3.4,15,16,6,1.5,0.5,1.178472222,0.4715,23.4,0.375,0.3333,0.08,2,40,123.5,7.5,3.1,0.5517,0.5061,27.5,14,13.5,0.5091,120.5,7,79.2,0.1538,0.4483,0.4939,5,4.4,8.6,2,2,6,250.5,0.5,2.5,0.5,2,1,+2.0,2,4,1,3,3,-2,0.0263,0.4615,0.8,0.25,0.0727,0.5385,0.75,0.2,6.5,51.5,1.5,8,48,0.5,7.9,0.05,6,0.06
UNLV,2-0-0,27,+20.0,11.4,23.9,0.429,+20.0,11.4,23.9,0.429,0.329,4,2,0.5,2,20,0.741,7,7,10,3,0,14,13,0.6022,0.5289,0.5522,0.4133,0.5656,0.4828,308,63,4.9,15,6,1,0,1.310416667,0.5242,30,0.4,0,0.08,1,48,195,4.1,0.7619,0.6331,14,7,7,0.5,113,1,0.0667,150.7,0.2381,0.3669,8.1,16.1,3,2,0.6667,5,203,7,35.3,0.1,-20,2,0.5,0,1,7,0,0,0,7,0,0,7,247,70,3.5,14,15,2,3,1,1.189583333,0.4758,24.5,0.1333,0.3333,0.1,7,26,38,4,1.5,0.3714,0.1538,38,22,16,0.5789,209,9,102.3,0.1364,0.6286,0.8462,6,5.5,9.5,1,0,7,264,1,0,0,0,1,+1.0,2,1,0,1,2,-1,0.0714,0,--,0,0.0526,1,1,--,6,48,1,10,74,1,8,0.05,7.4,0.08
Bowling Grn,1-1-2,27,-7,13.9,-1,0.409,-7,13.9,-1,0.409,-0.167,3,3,1,3,27,1,10,14,0,3,0,24,3,0.7511,0.5078,0.1622,0.7122,0.6294,0.4372,375,66,5.7,14,7,1,0,1.333333333,0.5333,29.1,0.5,0,0.05,0.6,26,121,4.7,0.3939,0.3227,40,25,15,0.625,254,0,0,122.3,0.6061,0.6773,6.4,10.2,2,2,1,3,122,34,12.9,0.576,+7.0,4,0.75,3,4,34,7,13,7,7,0,20,14,438,59,7.4,21,9,2,1,1,1.166666667,0.4667,28.5,0.2222,1,0.07,0.7,37,234,10,6.3,0.6271,0.5342,20,13,7,0.65,204,11,173.7,0.0909,0.3729,0.4658,2,10.2,15.7,2,2,4,188,2,0,0,0,2,-1,1,1,0,1,1,+1.0,0.05,0,--,0,0.05,1,1,--,3,18,1,7,76,0,6,0.02,10.9,0.06
Ohio,1-1-2,24.5,-4.5,17.3,-3.3,0.353,-4.5,17.3,-3.3,0.353,-0.074,4,3.5,0.875,2.5,25,1,4.5,8.5,7,4.5,0,13,11.5,0.6272,0.44,0.3961,0.6617,0.5336,0.5289,424.5,69.5,6.1,13,4,1.5,1,1.327777778,0.5313,27.5,0.3077,0.6667,0.06,0.8,37.5,232,6.2,0.5396,0.5465,29,19,10,0.6552,192.5,3,0.0938,123.5,0.4604,0.4535,6.6,10.1,2.5,2.5,1,4,165.5,29,14.1,0.426,+4.5,4.5,1,3,3.5,29,0,13.5,10.5,5,0,13.5,15.5,407.5,68,6,21.5,15,7,1,1,1.171527778,0.4688,24.8,0.4667,1,0.07,1,28.5,117.5,5,4.1,0.4191,0.2883,38.5,25,13.5,0.6494,290,15.5,147,0.0253,0.5809,0.7117,1,7.5,11.6,1.5,1.5,5,207.5,0.5,1.5,0.5,1,1,0,0.5,1,0.5,0.5,1,0,0.0172,0.6,0.6667,0.5,0.013,0.4,0.5,0.3333,4.5,45.5,2.5,6.5,48.5,1,10.1,0.03,7.5,0.05
Army,2-0-0,24,+17.0,18.7,14.9,0.387,+17.0,18.7,14.9,0.387,0.255,3,3,1,3,24,1,14,0,3,7,0,14,10,0.4444,0.58,0.9,0.6522,0.5122,0.7761,449,62,7.2,12,5,1,1,1.610416667,0.6442,37.4,0.4167,1,0.03,0.5,58,405,7,0.9355,0.902,4,1,3,0.25,44,0,0,199.9,0.0645,0.098,11,44,1,1,1,2,89,7,33.6,0.132,-17,2,0.5,--,1,7,0,7,0,0,0,7,0,235,53,4.4,16,10,3,3,1,0.8895833333,0.3558,24.2,0.3,0.3333,0.08,4,16,42,4,2.6,0.3019,0.1787,37,25,12,0.6757,193,11,114.9,0,0.6981,0.8213,0,5.2,7.7,0,0,4,193,0,2,1,1,1,0,1,1,0,1,1,0,0,0.3333,0.5,0,0.027,0.6667,1,0.5,6,45,1,4,17,1,7.5,0.05,4.3,0.03
Sam Hous St,1-1-2,24,-5.5,14.5,-0.4,0.358,-5.5,14.5,-0.4,0.358,-0.063,2,1.5,0.75,2.5,20.5,0.854,8.5,7,5,3.5,0,15.5,8.5,0.2394,0.4506,0.6783,0.6044,0.345,0.6414,347,67,5.2,14,5.5,1,0.5,1.232638889,0.4932,26.5,0.3929,0.5,0.08,1.4,37.5,123,3.3,0.5597,0.3545,25.5,16.5,9,0.6471,224,4,0.1356,156.5,0.4403,0.6455,8.8,13.6,1.5,1,0.6667,5.5,186,29.5,14,0.421,+5.5,4,0.75,1.5,4,29.5,7,8.5,10.5,3.5,0,15.5,14,414,70,5.9,21.5,14,6.5,1.5,0.5,1.266666667,0.5068,26.1,0.4643,0.3333,0.06,1,37.5,215.5,13.5,5.7,0.5357,0.5205,30.5,20.5,10,0.6721,198.5,8,120.7,0.0615,0.4643,0.4795,2,6.5,9.7,1,0.5,4.5,185.5,1,1.5,0,1.5,1,+0.5,1,1,0.5,0.5,1.5,-0.5,0.0392,0.8,1,0.5,0.0328,0.2,0.5,0,4,27.5,1.5,6,44.5,0,6.9,0.03,7.4,0.04
N Mex State,1-1-2,24,-6,11.5,4.3,0.343,-6,11.5,4.3,0.343,-0.112,3,3,1,3,24,1,10,7,0,7,0,17,7,0.49,0.4911,0.5256,0.5644,0.4906,0.545,275,70,3.9,15,3,2,1,1.294444444,0.5178,26.6,0.2,0.5,0.1,1.8,44,117,2.7,0.6286,0.4255,22,9,13,0.4091,158,4,0.1538,131.2,0.3714,0.5745,7.2,17.6,1,1,1,7,302,30,15.8,0.455,+6.0,4,0.75,2.3,2,23,3,6,0,21,0,9,21,473,66,7.2,18,11,1,2,1,1.205555556,0.4822,26.3,0.0909,0.5,0.08,0.8,35,217,10,6.2,0.5303,0.4588,29,16,13,0.5517,256,7,129.3,0.0645,0.4697,0.5412,2,8.8,16,4,3,5,220,0,1,1,0,1,-1,0,0,0,0,0,+1.0,0,0,0,--,0,1,--,1,9,58,6,11,122,1,6.4,0.07,11.1,0.08
Kent St,0-2-0,24,-31,8.8,1.3,0.338,-31,8.8,1.3,0.338,-0.317,1,1,1,2,17,0.708,7,7,10,0,0,14,10,0.4556,0.3389,0.7878,0.58,0.3972,0.6839,212,71,3,16,3,3,2,1.351388889,0.5406,27.4,0.1875,0.6667,0.07,1.3,38,31,0.8,0.5352,0.1462,28,14,14,0.5,181,5,0.1515,120.7,0.4648,0.8538,6.5,12.9,1,1,1,5,219,55,10.1,0.655,+31.0,6,0.8333,3,6,48,14,14,14,13,0,28,27,557,84,6.6,31,16,9,2,1,1.148611111,0.4594,19.7,0.5625,0.5,0.02,0.2,32,191,8,6,0.381,0.3429,48,34,14,0.7083,366,20,158.2,0.0769,0.619,0.6571,4,7.6,10.8,2,2,2,90,1,1,1,0,2,0,1,1,1,0,2,0,0.0357,0.5,0,1,0.0208,0.5,0,1,6,40,2,7,63,3,6.7,0.04,9,0.05
Tulsa,1-1-2,24,-4,15.1,-0.6,0.393,-4,15.1,-0.6,0.393,0.01,0,0,--,3,24,1,3,14,7,0,0,17,7,0.4289,0.6033,0.4525,0.22,0.5161,0.3359,362,61,5.9,13,5,0,0,1.067361111,0.4261,25.2,0.3846,--,0.11,1.8,32,163,5.1,0.5246,0.4503,29,16,13,0.5517,199,0,0,117.3,0.4754,0.5497,6.9,12.4,1,1,1,7,319,28,14.5,0.384,+4.0,0,--,0,3,21,7,0,21,0,0,7,21,405,73,5.5,24,17,8,1,0,1.432638889,0.5739,28.3,0.4706,0,0.05,1,40,150,10,3.8,0.5479,0.3704,32,21,11,0.6563,255,11,146.9,0.0303,0.4521,0.6296,1,8,12.1,1,0,4,175,1,1,1,0,2,0,1,2,1,1,2,0,0.0345,0.3333,0,0.5,0.0313,0.6667,0.5,1,6,55,2,8,74,3,9.2,0.04,9.3,0.06
Utah,2-0-0,23,+11.0,12.7,5.9,0.371,+11.0,12.7,5.9,0.371,0.183,2,2,1,2,17,0.708,17,6,0,0,0,23,0,0.7367,0.5,0.3011,0.7544,0.6183,0.5278,292,62,4.7,14,4,0,0,1.432638889,0.5731,33.3,0.2857,--,0.1,1.5,37,170,4.6,0.5968,0.5822,23,12,11,0.5217,122,2,0.08,125.4,0.4032,0.4178,5.3,10.2,3,1,0.3333,6,308,12,18.6,0.188,-11,1,1,2,1,13,0,3,9,0,0,3,9,223,64,3.5,12,16,4,4,2,1.067361111,0.4269,24,0.25,0.5,0.09,2,40,108,6,2.7,0.625,0.4843,21,9,12,0.4286,115,4,104.6,0.125,0.375,0.5157,3,5.5,12.8,3,2,6,376,0,0,0,0,0,+1.0,0,2,1,1,1,-1,0,0.5,--,0.5,0,0.5,0.5,--,8,71,3,5,37,2,8.9,0.06,7.4,0.04
Nevada,1-2-2,23,-2,17.2,-2.8,0.337,-2,17.2,-2.8,0.337,-0.052,3.7,3.7,1,3,23,1,7,5.3,8.3,2.3,0,12.3,10.7,0.6378,0.6081,0.5056,0.5422,0.623,0.5239,396.3,68.3,5.8,15.7,8.3,1.7,0.3,1.433333333,0.5734,30.2,0.5319,0.2,0.06,1.1,39.7,196.3,4.9,0.5805,0.4954,28,18.7,9.3,0.6667,200,0.7,0.0233,146.3,0.4195,0.5046,7.1,10.7,1,0.7,0.6667,4,160.3,25,14.5,0.389,+2.0,2.7,1,2.6,2.7,24.7,4.7,9,3,8.3,0,13.7,11.3,361.3,64.3,5.6,22,12.3,5.3,0.7,0.3,1.065972222,0.4266,23.9,0.4324,0.5,0.07,0.9,29.7,110.7,7,3.7,0.4611,0.3063,34,21.3,12.7,0.6275,250.7,12,135.7,0.0192,0.5389,0.6937,0.7,7.4,11.8,2.3,2,4.3,163,0,1.7,0.3,1.3,0.3,0,0.3,0.3,0,0.3,0.3,0,0,0.6667,0.8,0,0.0098,0.3333,1,0.2,9.7,86.7,3.3,8.3,88.3,3,9,0.07,10.6,0.06
Miss State,1-1-2,23,-7,12.7,1.1,0.397,-7,12.7,1.1,0.397,0.012,3,3,1,3,24,1,0,3,7,13,0,3,20,0.3022,0.4189,0.2956,0.3022,0.3606,0.2989,292,58,5,11,3,2,1,0.8243055556,0.3297,20.5,0.2727,0.5,0.05,0.8,27,24,0.9,0.4655,0.0822,28,18,10,0.6429,268,3,0.0968,168.3,0.5345,0.9178,9.6,14.9,1,1,1,3,138,30,13.8,0.385,+7.0,4,0.75,3,2,23,10,17,3,0,0,27,3,415,78,5.3,26,15,5,3,3,1.675694444,0.6703,30.9,0.3333,1,0.04,0.5,57,346,23,6.1,0.7308,0.8337,20,10,10,0.5,69,3,79,0.0476,0.2692,0.1663,1,3.5,6.9,3,3,3,119,0,1,1,0,1,-1,0,0,0,0,0,+1.0,0,0,0,--,0,1,--,1,3,35,2,9,85,0,11.7,0.02,9.4,0.07
S Methodist,2-1-2,22,+1.0,15.2,-0.1,0.306,+1.0,15.2,-0.1,0.306,-0.001,4,2.5,0.625,1.5,21,0.955,0,9.5,3,9.5,0,9.5,12.5,0.4744,0.4356,0.4261,0.425,0.455,0.4256,334.5,72,4.6,14,4,2.5,1,1.100694444,0.4403,22,0.2857,0.4,0.05,0.7,35,108.5,3.1,0.4861,0.3244,35.5,19,16.5,0.5352,226,1.5,0.0405,106,0.5139,0.6756,6.4,11.9,4,3.5,0.875,3.5,157.5,21,15.1,0.307,-1,3.5,1,2,2.5,20.5,7,5,7.5,1.5,0,12,9,317,68.5,4.6,16,15.5,5,2.5,1,1.399305556,0.5597,29.4,0.3226,0.4,0.08,1.6,39,141,5.5,3.6,0.5693,0.4448,28.5,15,13.5,0.5263,176,7.5,114.9,0.0339,0.4307,0.5552,1,6.2,11.7,1.5,1,5.5,236,1,1.5,1,0.5,2,-0.5,1,2,0.5,1.5,1.5,+0.5,0.0282,0.2857,0.3333,0.25,0.0351,0.7143,0.75,0.6667,9,97,2,8,63,3,10.8,0.06,7.9,0.06
Troy,0-2-0,21.5,-11.5,14.9,-3.3,0.336,-11.5,14.9,-3.3,0.336,-0.233,3.5,3.5,1,2.5,22,1,3.5,7,3,8,0,10.5,11,0.5006,0.4661,0.5239,0.56,0.4833,0.5419,321,64,5,15.5,9,1,1,1.28125,0.5126,28.8,0.5806,1,0.07,1.1,35,145.5,4.2,0.5469,0.4533,28,18,10,0.6429,175.5,1,0.0345,122.8,0.4531,0.5467,6.3,9.8,1.5,1.5,1,4.5,173,33,11.6,0.569,+11.5,4.5,1,1.5,4.5,33,3.5,10,12.5,7,0,13.5,19.5,382.5,58,6.6,21,10.5,6,0.5,0,1.218055556,0.4874,30.3,0.5714,0,0.05,0.6,31.5,212.5,10,6.7,0.5431,0.5556,26.5,19,7.5,0.717,170,7.5,144.3,0,0.4569,0.4444,0,6.4,8.9,1,0.5,3,125,0,0.5,0.5,0,0.5,-0.5,0,0.5,0,0.5,0,+0.5,0,0,0,0,0,1,1,1,6,56.5,2.5,5.5,58,3.5,9.4,0.05,10.5,0.05
Michigan St,2-0-0,21.5,+4.5,18.3,-1,0.323,+4.5,18.3,-1,0.323,0.089,1.5,1,0.6667,2.5,20.5,0.953,4.5,12,0,5,0,16.5,5,0.5559,0.4153,0.5244,0.4461,0.4817,0.4855,393,66.5,5.9,13.5,5.5,1,0.5,1.205555556,0.4836,26.1,0.4074,0.5,0.07,1.3,33.5,154.5,4.6,0.5038,0.3931,31.5,17,14.5,0.5397,238.5,1.5,0.0455,117.4,0.4962,0.6069,7.6,14,1,1,1,4.5,225.5,17,17.3,0.234,-4.5,1,1,1.5,2,17,7,1.5,5,3.5,0,8.5,8.5,293.5,72.5,4,20,16,6.5,2.5,1,1.2875,0.5164,25.6,0.4063,0.4,0.06,1.3,39,109,6.5,2.8,0.5379,0.3714,29.5,19,10.5,0.6441,184.5,9,123.6,0.1194,0.4621,0.6286,4,6.3,9.7,2,1,4,187,2.5,1.5,0.5,1,3,-1.5,1.5,1,0,1,1.5,+1.5,0.0794,0.4,0.6667,0,0.0508,0.6,1,0.3333,11,120,3,7,67.5,4.5,10.9,0.08,9.6,0.05
Oregon St,2-0-0,21,+21.0,20,--,0.269,+21.0,20,--,0.269,0.269,0,0,--,3,21,1,7,0,0,14,0,7,14,0.6622,0.6411,0.85,0.5878,0.6517,0.7189,420,78,5.4,19,9,3,2,1.713194444,0.6853,31.6,0.4737,0.6667,0.06,1.7,51,237,4.6,0.6538,0.5643,27,17,10,0.6296,183,0,0,132.1,0.3462,0.4357,6.8,10.8,2,0,0,5,171,0,--,0,-21,0,--,--,0,0,0,0,0,0,0,0,0,179,50,3.6,7,12,2,1,0,0.7868055556,0.3147,22.7,0.1667,0,0.16,--,25,72,1,2.9,0.5,0.4022,24,11,13,0.4583,107,5,83.3,0.04,0.5,0.5978,1,4.5,9.7,0,0,8,389,0,0,0,0,0,+1.0,0,1,1,0,1,-1,0,1,--,1,0,0,0,--,6,65,1,8,80,1,10.8,0.05,10,0.06
Michigan,1-1-2,21,+0.5,13.2,2.3,0.353,+0.5,13.2,2.3,0.353,0.035,1.5,1.5,1,1.5,18,0.837,3.5,3,3,11.5,0,6.5,14.5,0.4328,0.4894,0.6167,0.55,0.4611,0.5833,276.5,59.5,4.6,11.5,3.5,1.5,1,1.305555556,0.5222,31.6,0.3043,0.6667,0.05,0.7,28.5,114,4,0.479,0.4123,30,19,11,0.6333,162.5,1,0.0323,115.3,0.521,0.5877,5.4,8.6,2.5,2.5,1,3,113.5,20.5,15.4,0.318,-0.5,3,0.8333,2,2.5,20.5,3.5,10,3.5,3.5,0,13.5,7,316.5,64.5,4.9,18.5,13.5,6,0,0,1.194444444,0.4778,26.7,0.4444,--,0.08,1.4,27,76,5.5,2.8,0.4186,0.2401,36,23,13,0.6389,240.5,11.5,132.8,0.04,0.5814,0.7599,1.5,6.7,10.5,1.5,1,5,206.5,1.5,0.5,0.5,0,2,-1,1,0,0,0,1,+1.0,0.05,0,0,--,0.0278,1,--,1,4.5,50,0.5,5,32,1.5,11.1,0.04,6.4,0.04
Jksnville St,0-2-0,20.5,-31.5,15.8,-4.6,0.336,-31.5,15.8,-4.6,0.336,-0.367,2.5,2,0.8,2.5,20.5,1,1.5,10.5,0,8.5,0,12,8.5,0.3756,0.395,0.4467,0.2417,0.3853,0.3442,323.5,61,5.3,11,1.5,1,1,0.9118055556,0.3647,21.5,0.1364,1,0.11,2,31,126.5,4.1,0.5082,0.391,27.5,15.5,12,0.5636,197,2.5,0.0833,117.6,0.4918,0.609,7.2,12.7,1.5,1,0.6667,7,301,52,11.2,0.703,+31.5,5,0.9,1.5,6.5,48.5,15.5,14,8.5,14,0,29.5,22.5,581,74,7.9,27,13,7,1,1,1.588194444,0.6353,30.9,0.5385,1,0.03,0.3,46.5,263.5,12,5.7,0.6284,0.4535,27.5,18,9.5,0.6545,317.5,12,188.8,0,0.3716,0.5465,0,11.5,17.6,2,1,2,75,1.5,2,0.5,1.5,2,-1,0.5,1,0.5,0.5,1,+1.0,0.0545,0.6667,0.75,0.5,0.0182,0.3333,0.5,0.25,6,57,2,5,38.5,3,9.5,0.04,7.7,0.04
E Carolina,2-0-0,20,+6.0,23.3,-2.8,0.217,+6.0,23.3,-2.8,0.217,0.04,3,1,0.3333,2,20,1,6,0,11,3,0,6,14,0.6378,0.5967,0.5011,0.45,0.6172,0.4756,466,92,5.1,22,12,0,0,1.365972222,0.5464,21.4,0.5455,--,0.05,1.3,51,183,3.6,0.5543,0.3927,38,25,13,0.6579,283,3,0.0732,107.3,0.4457,0.6073,7.4,11.3,2,2,1,5,217,14,20.5,0.177,-6,1,1,--,2,14,0,7,7,0,0,7,7,287,79,3.6,17,16,5,2,2,1.134027778,0.4536,20.7,0.3125,1,0.11,4.5,41,95,5,2.3,0.519,0.331,34,20,14,0.5882,192,9,110.1,0.1053,0.481,0.669,4,5.6,9.6,0,0,9,387,4,2,0,2,4,-2,1,1,1,0,2,+2.0,0.1053,1,1,1,0.0294,0,0,0,10,70,1,10,95,3,7,0.06,9.5,0.06
App State,1-1-2,20,-46,18.2,-7.4,0.282,-46,18.2,-7.4,0.282,-0.622,5,4,0.8,2,20,1,0,13,7,0,0,13,7,0.5522,0.4367,0.4711,0.4367,0.4944,0.4539,363,71,5.1,13,4,0,0,1.185416667,0.4742,24,0.3077,--,0.11,2,27,149,5.5,0.3803,0.4105,43,18,25,0.4186,214,1,0.0227,82,0.6197,0.5895,5,11.9,2,2,1,8,303,66,10.8,0.904,+46.0,5,1,3,9,66,35,21,10,0,0,56,10,712,73,9.8,28,12,6,3,1,1.314583333,0.5258,25.9,0.5,0.3333,0.03,0.2,34,252,11,7.4,0.4658,0.3539,39,32,7,0.8205,460,16,223.4,0,0.5342,0.6461,0,11.8,14.4,1,1,2,94,2,1,1,0,3,-2,0,3,1,2,1,+2.0,0.0465,0.25,0,0.3333,0,0.75,0.6667,1,7,73,4,8,85,1,10.4,0.05,10.6,0.06
LSU,1-1-2,20,-7,21.1,-4.5,0.313,-7,21.1,-4.5,0.313,-0.123,4,3,0.75,2,20,1,0,10,7,3,0,10,10,0.7811,0.4889,0.4444,0.4856,0.635,0.465,421,64,6.6,13,5,2,1,1.375,0.55,30.9,0.3846,0.5,0.06,1,26,117,4.5,0.4063,0.2779,38,29,9,0.7632,304,0,0,155.6,0.5938,0.7221,8,10.5,2,2,1,4,153,27,16.6,0.435,+7.0,5,0.8,2,3,27,0,10,3,14,0,10,17,447,62,7.2,24,9,3,1,0,1.125,0.45,26.1,0.3333,0,0.05,0.6,23,69,5,3,0.371,0.1544,37,27,10,0.7297,378,16,167.7,0.0513,0.629,0.8456,2,10.2,14,3,2,3,166,1,0,0,0,1,-1,0,2,0,2,0,+1.0,0.0263,0,--,0,0,1,1,--,10,99,0,6,50,3,9.9,0.08,8.3,0.05
Iowa St,2-0-0,20,+1.0,18.1,-2.1,0.313,+1.0,18.1,-2.1,0.313,0.033,1,1,1,2,20,1,0,0,14,6,0,0,20,0.4189,0.5733,0.6233,0.3956,0.4961,0.5094,361,64,5.6,14,2,0,0,1.256944444,0.5028,28.3,0.1429,--,0.14,2.3,28,89,3.2,0.4375,0.2465,35,23,12,0.6571,272,1,0.0278,144.1,0.5625,0.7535,7.8,11.8,3,2,0.6667,9,384,19,15.9,0.279,-1,3,1,3,2,20,7,6,6,0,0,13,6,303,68,4.5,16,17,6,0,0,1.243055556,0.4972,26.3,0.3529,--,0.13,2.3,38,204,9,5.4,0.5588,0.6733,29,13,16,0.4483,99,7,59.7,0.0333,0.4412,0.3267,1,3.4,7.6,2,2,9,363,1,1,0,1,1,+1.0,2,0,0,0,2,-1,0.0286,1,1,--,0.069,0,--,0,7,36,2,3,35,0,5.1,0.05,11.7,0.02
UTSA,1-1-2,19,-13.5,19.7,-8,0.239,-13.5,19.7,-8,0.239,-0.225,3.5,3,0.8571,2.5,19,1,8.5,3.5,3.5,3.5,0,12,7,0.5206,0.5094,0.5167,0.3794,0.515,0.4481,375,79.5,4.7,17,5.5,2.5,1.5,1.203472222,0.4815,21.8,0.3235,0.6,0.08,2.2,32,79,2.5,0.4025,0.2107,44,26,18,0.5909,296,3.5,0.0737,128.3,0.5975,0.7893,6.7,11.4,1.5,0.5,0.3333,6.5,249.5,32.5,11.8,0.464,+13.5,3.5,0.7143,3,4,32.5,8.5,12,5,7,0,20.5,12,382,70,5.5,20.5,15,5,2.5,1,1.295833333,0.5185,26.7,0.3333,0.4,0.06,0.8,40.5,126.5,7,3.1,0.5786,0.3312,27.5,16,11.5,0.5818,255.5,9,150.6,0.0678,0.4214,0.6688,2,9.3,16,1.5,1.5,4.5,209.5,0.5,2,1,1,1.5,-0.5,0.5,1.5,0.5,1,1,+0.5,0.0114,0.4286,0.5,0.3333,0.0182,0.5714,0.6667,0.5,10,91,1,5,31.5,4.5,9.1,0.07,6.3,0.03
Iowa,1-1-2,19,-1,15.9,2.1,0.279,-1,15.9,2.1,0.279,-0.033,3,3,1,2,20,1,7,6,6,0,0,13,6,0.5811,0.4267,0.3767,0.6044,0.5039,0.4906,303,68,4.5,17,6,0,0,1.243055556,0.4972,26.3,0.3529,--,0.13,2.3,38,204,5.4,0.5588,0.6733,29,13,16,0.4483,99,1,0.0333,59.7,0.4412,0.3267,3.4,7.6,2,2,1,9,363,20,18.1,0.313,+1.0,1,1,2,2,20,0,0,14,6,0,0,20,361,64,5.6,15,14,2,0,0,1.256944444,0.5028,28.3,0.1429,--,0.14,2.3,28,89,4,3.2,0.4375,0.2465,35,23,12,0.6571,272,9,144.1,0.0278,0.5625,0.7535,1,7.8,11.8,3,2,9,384,2,0,0,0,2,-1,1,1,0,1,1,+1.0,0.069,0,--,0,0.0286,1,1,--,3,35,0,7,36,2,11.7,0.02,5.1,0.05
E Michigan,1-1-2,18.5,-3.5,15.6,3.6,0.274,-3.5,15.6,3.6,0.274,-0.057,3.5,3,0.8571,1.5,18,1,1.5,8.5,1.5,7,0,10,8.5,0.5367,0.395,0.3806,0.6389,0.4658,0.5097,289.5,67.5,4.3,14,5,2.5,1.5,1.219444444,0.4878,26,0.3571,0.6,0.04,0.8,36,104.5,2.9,0.5333,0.361,28,16.5,11.5,0.5893,185,3.5,0.1111,120.3,0.4667,0.639,6.6,11.2,2.5,2.5,1,3,124,22,19.2,0.331,+3.5,3,0.8333,1,3,22.5,0,10.5,8,3.5,0,10.5,11.5,423,66.5,6.4,23.5,13,7,2,1,1.280555556,0.5122,27.7,0.5385,0.5,0.03,0.6,34,176.5,9,5.2,0.5113,0.4173,29.5,22,7.5,0.7458,246.5,11,167.1,0.0923,0.4887,0.5827,3,8.4,11.2,1.5,0.5,2,89.5,0,0.5,0.5,0,0.5,0,0,1.5,0.5,1,0.5,0,0,0.25,0,0.3333,0,0.75,0.6667,1,5.5,62,3.5,9,99.5,3.5,11.3,0.04,11.1,0.07
Kentucky,1-1-2,18.5,+3.0,13.5,-1.2,0.336,+3.0,13.5,-1.2,0.336,-0.02,3.5,3,0.8571,2,18.5,1,3.5,11.5,3.5,0,0,15,3.5,0.5672,0.6328,0.5789,0.5944,0.6,0.5841,250,55,4.5,9.5,3,1,0,1.297222222,0.5932,34,0.3158,0,0.06,1,35,143.5,4.1,0.6364,0.574,17.5,9,8.5,0.5143,106.5,2.5,0.125,113.7,0.3636,0.426,6.1,11.8,1.5,1.5,1,3.5,148.5,15.5,12.4,0.356,-3,2.5,0.6,3,1.5,12,3.5,1.5,7,3.5,0,5,10.5,191.5,43.5,4.4,10,9,3,0.5,0,0.8895833333,0.4068,29.5,0.3333,0,0.09,1.6,23.5,42,2.5,1.8,0.5402,0.2193,17,12,5,0.7059,149.5,5.5,146.2,0.15,0.4598,0.7807,3,8.8,12.5,0.5,0.5,4,184.5,1.5,2,0,2,1.5,0,1.5,2,0,2,1.5,0,0.0857,0.5,1,0,0.0882,0.5,1,0,7.5,54,1,6,45,2,7.2,0.08,7.5,0.06
Notre Dame,1-1-2,18.5,+4.0,17.4,4.5,0.289,+4.0,17.4,4.5,0.289,0.073,1,1,1,2,18.5,1,5,1.5,7,5,0,6.5,12,0.5111,0.6156,0.35,0.4217,0.5633,0.3858,321,64,5,11,2.5,1,0.5,1.186111111,0.4746,26.7,0.2273,0.5,0.08,1.4,31,160.5,5.2,0.4844,0.5,31.5,19,12.5,0.6032,160.5,1.5,0.0455,96.8,0.5156,0.5,5.1,8.4,2.5,1.5,0.6,5,199,14.5,21.9,0.216,-4,2,1,2.5,1,14.5,6.5,3,0,5,0,9.5,5,317,67,4.7,16.5,14.5,5,2,0.5,1.313194444,0.5254,28.2,0.3448,0.25,0.06,1.1,41.5,168,9,4,0.6194,0.53,25,11,14,0.44,149,5.5,92.7,0.0196,0.3806,0.47,0.5,6,13.5,3,2.5,4,178,1,1,0,1,1,0,1,0.5,0,0.5,1,0,0.0317,0.6667,1,0,0.04,0.3333,1,0,7,67,1.5,4.5,45,2,9.6,0.05,10,0.03
U Mass,0-2-0,18.5,-14.5,19.3,-9.7,0.218,-14.5,19.3,-9.7,0.218,-0.388,4,3.5,0.875,2,18.5,1,0,6.5,5,7,0,6.5,12,0.6106,0.745,0.7644,0.4711,0.6778,0.6178,356.5,85,4.2,18,7.5,3.5,1.5,1.619444444,0.6478,27.4,0.4167,0.4286,0.05,1.1,44.5,138.5,3.1,0.5235,0.3885,35,23,12,0.6571,218,5.5,0.1358,119.9,0.4765,0.6115,6.2,9.5,2.5,1.5,0.6,4,148.5,33,9.6,0.606,+14.5,4,1,3,3.5,29,3.5,12,5,12.5,0,15.5,17.5,316.5,54.5,5.8,17,13,5,1.5,0.5,0.8805555556,0.3522,23.3,0.3846,0.3333,0.07,0.7,28.5,108.5,6,3.8,0.5229,0.3428,26,12.5,13.5,0.4808,208,7.5,140.7,0,0.4771,0.6572,0,8,16.6,1.5,1.5,4,158,0.5,1,0,1,0.5,-0.5,0,0.5,0,0.5,0,+0.5,0.0143,0.6667,1,0,0,0.3333,1,0,9.5,98,3.5,6.5,63.5,3.5,10.3,0.07,9.8,0.05
Florida,1-1-2,17,-24,15.4,-2.5,0.298,-24,15.4,-2.5,0.298,-0.287,1,1,1,2,17,1,3,7,0,7,0,10,7,0.47,0.2433,0.5467,0.44,0.3567,0.4933,261,57,4.6,9,1,2,1,1.0625,0.425,26.8,0.1111,0.5,0.09,1.7,28,139,5,0.4912,0.5326,26,14,12,0.5385,122,3,0.1034,77.9,0.5088,0.4674,4.7,8.7,1,1,1,5,238,41,12.9,0.586,+24.0,6,0.8333,2,5,41,7,17,14,3,0,24,17,529,70,7.6,25,10,5,0,0,1.4375,0.575,29.6,0.5,--,0.03,0.3,33,144,8,4.4,0.4714,0.2722,36,26,10,0.7222,385,15,184,0.027,0.5286,0.7278,1,10.7,14.8,3,2,2,97,2,1,0,1,2,-1,1,0,0,0,1,+1.0,0.0769,1,1,--,0.0278,0,--,0,2,25,2,2,26,2,12.5,0.02,13,0.02
Florida St,0-2-0,17,-9,17.2,-3.6,0.283,-9,17.2,-3.6,0.283,-0.139,1.5,1.5,1,1.5,16.5,1,4,6,3.5,3.5,0,10,7,0.345,0.4917,0.4128,0.4672,0.4183,0.44,292,60,4.9,13,4,3,1.5,1.072916667,0.4292,25.8,0.3077,0.5,0.07,1.1,23.5,59.5,2.5,0.3917,0.2038,34.5,20,14.5,0.5797,232.5,2,0.0548,116.5,0.6083,0.7962,6.7,11.6,2,2,1,4,199.5,26,13.6,0.423,+9.0,4,0.875,1.5,3.5,26,3.5,10.5,7,5,0,14,12,352.5,61.5,5.7,18,12.5,7,0,0,1.427083333,0.5708,33.4,0.56,--,0.07,1,44,226.5,12,5.1,0.7154,0.6426,16,10.5,5.5,0.6563,126,6,152.4,0.0857,0.2846,0.3574,1.5,7.9,12,1,0.5,4,165.5,0.5,0,0,0,0.5,-0.5,0,2,0,2,0,+0.5,0.0145,0,--,0,0,1,1,--,4,30,1,2,25,0,7.5,0.03,12.5,0.02
San Jose St,2-0-0,17,+10.0,18.4,9.8,0.246,+10.0,18.4,9.8,0.246,0.14,2,2,1,2,17,1,14,0,0,3,0,14,3,0.5328,0.3878,0.3333,0.8411,0.4564,0.5872,312,69,4.5,16,5,0,0,1.275694444,0.5235,26.6,0.3125,--,0.13,3,34,50,1.5,0.4928,0.1603,33,17,16,0.5152,262,2,0.0571,132.1,0.5072,0.8397,7.9,15.4,1,1,1,9,386,7,28.1,0.106,-10,1,1,--,1,7,7,0,0,0,0,7,0,197,66,3,11,16,3,5,2,1.161111111,0.4765,25.3,0.1875,0.4,0.12,8,46,143,9,3.1,0.697,0.7259,20,7,13,0.35,54,1,37.7,0,0.303,0.2741,0,2.7,7.7,0,0,8,379,1,0,0,0,1,+1.0,2,1,0,1,2,-1,0.0303,0,--,0,0.1,1,1,--,5,47,1,6,52,1,9.4,0.04,8.7,0.04
Minnesota,1-1-2,17,-2,14.4,-1.1,0.283,-2,14.4,-1.1,0.283,-0.005,4,3,0.75,2,17,1,0,14,0,3,0,14,3,0.69,0.56,0.09,0.6256,0.625,0.3578,244,60,4.1,12,4,1,1,1.228472222,0.4914,29.5,0.3333,1,0.1,2,33,78,2.4,0.55,0.3197,22,13,9,0.5909,166,5,0.1852,122.5,0.45,0.6803,7.5,12.8,3,1,0.3333,6,275,19,13.3,0.288,+2.0,3,1,3,1,19,0,7,6,6,0,7,12,252,66,3.8,18,16,8,1,0,1.271527778,0.5086,27.7,0.5,0,0.05,0.6,41,147,9,3.6,0.6212,0.5833,23,14,9,0.6087,105,6,90.5,0.08,0.3788,0.4167,2,4.6,7.5,4,4,3,153,0,2,1,1,1,0,1,1,0,1,1,0,0,0.3333,0.5,0,0.0435,0.6667,1,0.5,6,50,2,3,45,3,8.3,0.05,15,0.02
Kansas,1-1-2,17,-6,19.2,-7.5,0.258,-6,19.2,-7.5,0.258,-0.119,3,3,1,2,17,1,0,10,7,0,0,10,7,0.4944,0.5444,0.6567,0.2622,0.5194,0.4594,327,66,5,13,6,2,1,1.223611111,0.4894,26.7,0.4615,0.5,0.03,0.7,33,186,5.6,0.5,0.5688,32,18,14,0.5625,141,1,0.0303,95.1,0.5,0.4312,4.4,7.8,1,1,1,2,109,23,11.8,0.377,+6.0,3,1,3,1,16,3,10,0,10,0,13,10,271,61,4.4,14,15,6,1,1,1.276388889,0.5106,30.1,0.4,1,0.07,0.8,34,79,5,2.3,0.5574,0.2915,25,16,9,0.64,192,9,128.5,0.0741,0.4426,0.7085,2,7.7,12,3,3,4,194,3,2,1,1,4,-3,0,1,1,0,1,+3.0,0.0938,0.6667,0.5,1,0,0.3333,0,0.5,2,25,1,2,20,0,12.5,0.02,10,0.02
Northwestern,1-1-2,16.5,+0.5,18.7,0.3,0.244,+0.5,18.7,0.3,0.244,0.011,4,2.5,0.625,1.5,16.5,1,3,3.5,3.5,3,3.5,6.5,6.5,0.4944,0.6339,0.5173,0.4417,0.5642,0.4794,309,67.5,4.6,13.5,4,0.5,0,1.303472222,0.5218,27.8,0.2963,0,0.07,1.4,34.5,141,4.1,0.5111,0.4563,33,19,14,0.5758,168,0,0,97.3,0.4889,0.5437,5.1,8.8,3,2,0.6667,5,196.5,16,19,0.234,-0.5,3,0.8333,2,1.5,16.5,5,0,1.5,3,6.5,5,4.5,304.5,68.5,4.4,17.5,14.5,4.5,0.5,0,1.195833333,0.4782,25.1,0.3103,0,0.07,1.4,27,66.5,3,2.5,0.3942,0.2184,38.5,23.5,15,0.6104,238,13.5,118,0.0723,0.6058,0.7816,3,6.2,10.1,3,2,5,218,0.5,1.5,1.5,0,2,0,1.5,0.5,0.5,0,2,0,0.0152,0.25,0,1,0.039,0.75,0,1,5.5,46,1.5,6,47.5,1,8.4,0.04,7.9,0.04
Old Dominion,0-2-0,16.5,-5,17.9,-0.4,0.212,-5,17.9,-0.4,0.212,-0.034,1.5,1,0.6667,2,17,1,3.5,3.5,8,1.5,0,7,9.5,0.3233,0.4289,0.3856,0.5772,0.3761,0.4814,296,78,3.8,17,7,1.5,1.5,1.071527778,0.4288,19.8,0.4118,1,0.1,2.5,37.5,101.5,2.7,0.4808,0.3429,36,21,15,0.5833,194.5,4.5,0.1111,104.6,0.5192,0.6571,5.4,9.3,1,1,1,7.5,314,21.5,17.5,0.246,+5.0,3.5,0.7143,2.5,2,21.5,8,1.5,7,5,0,9.5,12,377,87.5,4.3,22,20,8.5,1,1,1.427777778,0.5713,23.5,0.425,1,0.06,1.2,53.5,178.5,11.5,3.3,0.6114,0.4735,30.5,17.5,13,0.5738,198.5,10,98.9,0.1029,0.3886,0.5265,3.5,6.5,11.3,3,2.5,5.5,211.5,1.5,2.5,1.5,1,3,-0.5,2,1.5,0.5,1,2.5,+0.5,0.0417,0.375,0.4,0.3333,0.0656,0.625,0.6667,0.6,7.5,64,2,7.5,51.5,0.5,8.5,0.05,6.9,0.05
S Florida,1-1-2,16,-26,19.3,-10,0.186,-26,19.3,-10,0.186,-0.406,4,4,1,1,16,1,3,3,7,3,0,6,10,0.5122,0.3222,0.4144,0.67,0.4172,0.5422,309,86,3.6,18,2,2,0,1.199305556,0.4797,20.1,0.1111,0,0.1,2.3,46,206,4.5,0.5349,0.6667,36,16,20,0.4444,103,4,0.1,68.5,0.4651,0.3333,2.9,6.4,4,3,0.75,9,397,42,9.4,0.592,+26.0,4,0.75,--,6,42,7,7,0,28,0,14,28,393,71,5.5,20,13,5,0,0,1.300694444,0.5203,26.4,0.3846,--,0.1,1.2,41,194,8,4.7,0.5775,0.4936,27,17,10,0.6296,199,8,149.3,0.1,0.4225,0.5064,3,7.4,11.7,0,0,7,300,0,1,0,1,0,+3.0,0,3,3,0,3,-3,0,1,1,1,0,0,0,0,11,92,4,13,120,4,8.4,0.07,9.2,0.08
Central Mich,1-1-2,16,-36,23.1,-17.1,0.186,-36,23.1,-17.1,0.186,-0.814,2,1,0.5,2,14,1,0,8,8,0,0,8,8,0.5122,0.6044,0.6233,0.5467,0.5583,0.585,369,86,4.3,19,8,4,2,1.429166667,0.5717,23.9,0.4211,0.5,0.05,2,40,179,4.5,0.4651,0.4851,44,23,21,0.5227,190,2,0.0435,80.8,0.5349,0.5149,4.3,8.3,1,0,0,4,145,52,5.9,1,+36.0,3,1,3,6,45,7,21,8,16,0,28,24,309,52,5.9,15,11,3,1,1,1.070833333,0.4283,29.7,0.2727,1,0.12,0.8,33,185,8,5.6,0.6346,0.5987,18,10,8,0.5556,124,6,150.1,0.0526,0.3654,0.4013,1,6.9,12.4,1,1,6,223,5,2,1,1,6,-6,0,0,0,0,0,+6.0,0.1136,0.5,0.5,--,0,0.5,--,0.5,10,70,1,4,55,1,7,0.07,13.8,0.03
N Illinois,2-0-0,16,+2.0,24.3,-3.8,0.246,+2.0,24.3,-3.8,0.246,0.024,2,2,1,1,16,1,10,3,0,3,0,13,3,0.3422,0.4811,0.7444,0.7411,0.4117,0.7428,388,65,6,16,6,2,1,1.443055556,0.5772,32,0.375,0.5,0.06,1,45,190,4.2,0.6923,0.4897,20,10,10,0.5,198,0,0,149.7,0.3077,0.5103,9.9,19.8,4,3,0.75,4,140,14,20.4,0.222,-2,1,1,0,2,14,7,0,7,0,0,7,7,286,63,4.5,17,10,3,0,0,1.056944444,0.4228,24.2,0.3,--,0.08,2.5,28,123,7,4.4,0.4444,0.4301,33,20,13,0.6061,163,9,90,0.0571,0.5556,0.5699,2,4.9,8.2,2,0,5,184,0,1,0,1,0,+2.0,2,1,0,1,2,-2,0,0.5,1,0,0.0606,0.5,1,0,3,35,1,3,35,1,11.7,0.02,11.7,0.02
UCLA,1-0-0,16,+3.0,21.4,-0.1,0.271,+3.0,21.4,-0.1,0.271,0.098,4,3,0.75,1,16,1,0,0,10,6,0,0,16,0.4622,0.3556,0.5689,0.4511,0.4089,0.51,343,59,5.8,13,4,0,0,1.148611111,0.4594,28,0.3077,--,0.07,1,20,71,3.6,0.339,0.207,38,19,19,0.5,272,1,0.0256,108.3,0.661,0.793,7.2,14.3,4,3,0.75,4,146,13,21.4,0.173,-3,3,1,3,1,13,7,3,3,0,0,10,3,278,75,3.7,18,14,4,3,1,1.351388889,0.5406,25.9,0.2857,0.3333,0.07,1.7,28,51,3,1.8,0.3733,0.1835,42,25,17,0.5952,227,12,103.3,0.1064,0.6267,0.8165,5,5.4,9.1,2,2,5,227,2,0,0,0,2,+1.0,2,2,1,1,3,-1,0.0526,0.5,--,0.5,0.0476,0.5,0.5,--,6,60,4,10,97,3,10,0.04,9.7,0.07
Texas Tech,1-1-2,16,-21,30.7,-19.4,0.182,-21,30.7,-19.4,0.182,-0.379,4,3,0.75,2,17,1,3,7,0,6,0,10,6,0.4411,0.6189,0.4789,0.4556,0.53,0.4672,491,88,5.6,19,10,5,1,1.246527778,0.4986,20.4,0.5263,0.2,0.03,1,27,148,5.5,0.3068,0.3014,60,35,25,0.5833,343,1,0.0164,110.7,0.6932,0.6986,5.7,9.8,1,1,1,3,128,37,11.2,0.561,+21.0,5,0.8,1.5,5,38,7,20,7,3,0,27,10,416,66,6.3,18,13,3,3,2,1.253472222,0.5014,27.3,0.2308,0.6667,0.08,0.8,46,301,12,6.5,0.697,0.7236,19,9,10,0.4737,115,4,105.1,0.05,0.303,0.2764,1,6.1,12.8,2,1,5,211,2,2,2,0,4,-3,1,1,0,1,1,+3.0,0.0333,0,0,0,0.0526,1,1,1,10,80,1,3,30,2,8,0.06,10,0.02
Auburn,1-1-2,14,-7,20.4,-4.6,0.233,-7,20.4,-4.6,0.233,-0.058,2,2,1,2,14,1,7,0,0,7,0,7,7,0.3767,0.2544,0.5833,0.4344,0.3156,0.5089,286,60,4.8,10,5,1,0,1.030555556,0.4122,24.7,0.5,0,0.07,2,30,121,4,0.5,0.4231,27,14,13,0.5185,165,3,0.1,115.4,0.5,0.5769,6.1,11.8,1,0,0,4,180,21,15.8,0.292,+7.0,3,0.6667,0,3,21,7,7,0,7,0,14,7,332,72,4.6,18,19,10,0,0,1.469444444,0.5878,29.4,0.5263,--,0.1,2.3,34,99,7,2.9,0.4722,0.2982,36,25,11,0.6944,233,10,142.1,0.0526,0.5278,0.7018,2,6.5,9.3,2,0,7,326,0,3,1,2,1,-1,0,0,0,0,0,+1.0,0,0.6667,0.6667,--,0,0.3333,--,0.3333,6,46,4,11,77,1,7.7,0.05,7,0.08
Marshall,1-1-2,14,-17,19.9,-9,0.219,-17,19.9,-9,0.219,-0.189,4,2,0.5,2,14,1,0,7,7,0,0,7,7,0.4011,0.3778,0.23,0.5633,0.3894,0.3967,278,64,4.3,17,5,3,1,0.9826388889,0.3931,22.1,0.2941,0.3333,0.13,4,26,147,5.7,0.4063,0.5288,36,13,23,0.3611,131,2,0.0526,70.3,0.5938,0.4712,3.6,10.1,1,0,0,8,321,31,10.9,0.408,+17.0,4,1,3,3,24,7,3,14,7,0,10,21,338,76,4.4,20,16,5,2,1,1.517361111,0.6069,28.8,0.3125,0.5,0.09,1.4,51,208,11,4.1,0.6711,0.6154,21,14,7,0.6667,130,6,134.4,0.16,0.3289,0.3846,4,6.2,9.3,1,1,7,256,1,1,0,1,1,-1,0,2,0,2,0,+1.0,0.0278,0.3333,1,0,0,0.6667,1,0,5,45,1,8,58,3,9,0.04,7.3,0.06
Rice,1-1-2,14,-20,19.6,-7.6,0.219,-20,19.6,-7.6,0.219,-0.206,2,1,0.5,2,14,1,0,7,7,0,0,7,7,0.7389,0.4167,0.2822,0.3467,0.5778,0.3144,274,64,4.3,15,5,1,0,1.115277778,0.4461,25.1,0.3333,0,0.11,3.5,18,47,2.6,0.2813,0.1715,44,27,17,0.6136,227,2,0.0435,103.1,0.7188,0.8285,5.2,8.4,1,0,0,7,293,34,12,0.425,+20.0,3,0.6667,2,3,27,17,7,10,0,0,24,10,407,80,5.1,20,16,6,1,1,1.384722222,0.5539,24.9,0.375,1,0.06,0.8,46,178,9,3.9,0.575,0.4373,27,16,11,0.5926,229,9,154.9,0.2059,0.425,0.5627,7,8.5,14.3,3,2,5,202,2,1,0,1,2,-2,0,1,0,1,0,+2.0,0.0455,0.5,1,0,0,0.5,1,0,6,44,0,2,20,2,7.3,0.04,10,0.01
Charlotte,0-2-0,13.5,-20.5,25.3,-12,0.197,-20.5,25.3,-12,0.197,-0.31,2,1.5,0.75,1.5,13.5,1,1.5,5,3.5,3.5,0,6.5,7,0.6372,0.4467,0.4467,0.4128,0.5419,0.4297,341,68.5,5,16.5,4.5,4,2,1.214583333,0.4858,25.5,0.2727,0.5,0.07,2,28,90,3.2,0.4088,0.2639,38,19.5,18.5,0.5132,251,2.5,0.0617,114.6,0.5912,0.7361,6.6,12.9,1,1,1,5,195.5,34,13.3,0.507,+20.5,3,0.6667,2,4.5,34.5,8.5,6.5,8.5,10.5,0,15,19,451.5,67,6.7,21.5,11,5,1.5,0.5,1.285416667,0.5142,27.6,0.4545,0.3333,0.03,0.4,42.5,231.5,11,5.4,0.6343,0.5127,22,13.5,8.5,0.6136,220,8,166.3,0.102,0.3657,0.4873,2.5,10,16.3,1.5,1,2,92.5,1,1.5,0.5,1,1.5,0,1,1,0.5,0.5,1.5,0,0.0263,0.6,0.6667,0.5,0.0455,0.4,0.5,0.3333,7,58,1,5.5,48.5,2.5,8.3,0.05,8.8,0.04
Texas A&M,1-1-2,13,-10,18.9,-3.4,0.188,-10,18.9,-3.4,0.188,-0.165,2,2,1,1,13,1,3,3,0,7,0,6,7,0.6356,0.2878,0.5556,0.4156,0.4617,0.4856,246,69,3.6,13,4,2,0,1.184027778,0.4736,24.7,0.3077,0,0.06,1.3,38,146,3.8,0.5507,0.5935,30,12,18,0.4,100,1,0.0323,54.7,0.4493,0.4065,3.3,8.3,2,2,1,4,216,23,15.5,0.354,+10.0,1,1,3,2,23,3,3,7,10,0,6,17,356,65,5.5,18,12,2,2,1,1.315972222,0.5264,29.2,0.1667,0.5,0.08,1,34,198,8,5.8,0.5231,0.5562,30,18,12,0.6,158,8,104.2,0.0323,0.4769,0.4438,1,5.3,8.8,3,3,5,214,2,0,0,0,2,-2,0,1,0,1,0,+2.0,0.0667,0,--,0,0,1,1,--,6,55,3,11,99,2,9.2,0.04,9,0.08
Kennesaw St,0-2-0,13,-18,17.6,-3.5,0.217,-18,17.6,-3.5,0.217,-0.249,2.5,2,0.8,1,13,1,5,1.5,1.5,5,0,6.5,6.5,0.5233,0.4167,0.4617,0.4961,0.47,0.4789,228.5,60,3.8,14.5,5,2,1,1.186111111,0.4744,28.5,0.3448,0.5,0.08,1.5,38,81,2.1,0.6333,0.3545,20.5,10.5,10,0.5122,147.5,1.5,0.0682,119.7,0.3667,0.6455,7.2,14,2,2,1,4.5,222.5,31,14,0.466,+18.0,5.5,0.9091,1.5,4,31,7,13.5,7,3.5,0,20.5,10.5,435.5,66.5,6.5,19,11.5,4,1.5,1.5,1.313888889,0.5256,28.5,0.3478,1,0.05,0.6,34.5,167,9.5,4.8,0.5188,0.3835,29.5,22.5,7,0.7627,268.5,8.5,175.1,0.0781,0.4812,0.6165,2.5,9.1,11.9,2,1,3,118.5,0,1.5,0.5,1,0.5,0,0,1,0.5,0.5,0.5,0,0,0.6,0.6667,0.5,0,0.4,0.5,0.3333,5.5,39.5,2.5,7.5,77,1,7.2,0.04,10.3,0.06
Hawaii,1-1-2,13,-3,21.4,0.1,0.173,-3,21.4,0.1,0.173,-0.098,3,3,1,1,13,1,7,3,3,0,0,10,3,0.5378,0.6444,0.4311,0.5489,0.5911,0.49,278,75,3.7,14,4,3,1,1.351388889,0.5406,25.9,0.2857,0.3333,0.07,1.7,28,51,1.8,0.3733,0.1835,42,25,17,0.5952,227,5,0.1064,103.3,0.6267,0.8165,5.4,9.1,2,2,1,5,227,16,21.4,0.271,+3.0,4,0.75,2.3,1,16,0,0,10,6,0,0,16,343,59,5.8,19,13,4,0,0,1.148611111,0.4594,28,0.3077,--,0.07,1,20,71,3,3.6,0.339,0.207,38,19,19,0.5,272,12,108.3,0.0256,0.661,0.793,1,7.2,14.3,4,3,4,146,2,2,1,1,3,-1,2,0,0,0,2,+1.0,0.0476,0.5,0.5,--,0.0526,0.5,--,0.5,10,97,3,6,60,4,9.7,0.07,10,0.04
Georgia St,1-1-2,12,-23,30,-15.7,0.19,-23,30,-15.7,0.19,-0.356,3,1,0.3333,1,13,1,0,3,9,0,0,3,9,0.5089,0.5644,0.4767,0.4478,0.5367,0.4622,360,63,5.7,12,3,4,2,1.248611111,0.4994,28.5,0.25,0.5,0.05,1,29,150,5.2,0.4603,0.4167,34,19,15,0.5588,210,0,0,117.5,0.5397,0.5833,6.2,11.1,2,2,1,3,138,35,14.3,0.547,+23.0,3,1,--,5,35,7,7,14,7,0,14,21,499,64,7.8,22,9,4,2,2,1.251388889,0.5006,28.2,0.4444,1,0.05,0.6,34,225,8,6.6,0.5313,0.4509,30,25,5,0.8333,274,13,175.4,0,0.4688,0.5491,0,9.1,11,0,0,3,123,0,1,1,0,1,0,1,0,0,0,1,0,0,0,0,--,0.0333,1,--,1,4,40,1,8,72,1,10,0.03,9,0.06
Baylor,1-1-2,12,-11,18.6,-5.9,0.188,-11,18.6,-5.9,0.188,-0.183,1,1,1,1,13,1,0,3,9,0,0,3,9,0.2633,0.5,0.6989,0.2456,0.3817,0.4722,223,64,3.5,16,4,4,2,1.067361111,0.4269,24,0.25,0.5,0.09,2,40,108,2.7,0.625,0.4843,21,9,12,0.4286,115,3,0.125,104.6,0.375,0.5157,5.5,12.8,3,2,0.6667,6,376,23,12.7,0.371,+11.0,2,1,1,2,17,17,6,0,0,0,23,0,292,62,4.7,15,14,4,0,0,1.432638889,0.5731,33.3,0.2857,--,0.1,1.5,37,170,8,4.6,0.5968,0.5822,23,12,11,0.5217,122,4,125.4,0.08,0.4032,0.4178,2,5.3,10.2,3,1,6,308,0,2,1,1,1,-1,0,0,0,0,0,+1.0,0,0.5,0.5,--,0,0.5,--,0.5,5,37,2,8,71,3,7.4,0.04,8.9,0.06
W Virginia,1-1-2,12,-22,20.5,-7.1,0.176,-22,20.5,-7.1,0.176,-0.39,4,3,0.75,1,13,1,0,6,0,6,0,6,6,0.6844,0.6389,0.3578,0.2911,0.6617,0.3244,246,68,3.6,14,4,4,3,1.232638889,0.4931,26.1,0.2857,0.75,0.06,1.3,37,85,2.3,0.5441,0.3455,29,15,14,0.5172,161,2,0.0645,91.5,0.4559,0.6545,5.6,10.7,2,2,1,4,176,34,13.4,0.567,+22.0,3,1,0,5,35,0,20,7,7,0,20,14,457,60,7.6,21,11,5,1,1,1.267361111,0.5069,30.4,0.4545,1,0.07,0.8,42,222,11,5.3,0.7,0.4858,18,12,6,0.6667,235,10,249.7,0,0.3,0.5142,0,13.1,19.6,1,0,4,176,1,4,2,2,3,-2,0,1,1,0,1,+2.0,0.0345,0.6,0.5,1,0,0.4,0,0.5,1,5,2,8,60,0,5,0.01,7.5,0.06
Akron,0-2-0,11.5,-39,21,-11.9,0.177,-39,21,-11.9,0.177,-0.594,1,0.5,0.5,1,11.5,1,1.5,1.5,5,3.5,0,3,8.5,0.5044,0.4739,0.5147,0.5589,0.4892,0.5368,242,65,3.7,15,5.5,1.5,1,1.281944444,0.513,28.4,0.3667,0.6667,0.08,2.2,30,101.5,3.4,0.4615,0.4194,31.5,17.5,14,0.5556,140.5,3.5,0.1,88.7,0.5385,0.5806,4.5,8,2,1.5,0.75,5.5,263.5,50.5,9.1,0.771,+39.0,5,1,3,6,43.5,7,12,17.5,14,0,19,31.5,459.5,65.5,7,25,11.5,7.5,1,0,1.217361111,0.487,26.8,0.6522,0,0.04,0.3,38.5,227.5,11.5,5.9,0.5878,0.4951,27,16,11,0.5926,232,11,164.4,0,0.4122,0.5049,0,8.6,14.5,0.5,0.5,2.5,107.5,1.5,0.5,0.5,0,2,-1.5,0.5,0.5,0,0.5,0.5,+1.5,0.0476,0,0,0,0.0185,1,1,1,8.5,58.5,1,6,42.5,2.5,6.9,0.07,7.1,0.05
Fresno St,1-1-2,10,-20,24.4,-15.4,0.164,-20,24.4,-15.4,0.164,-0.32,2,1,0.5,1,10,1,0,3,0,7,0,3,7,0.5256,0.3567,0.3178,0.5333,0.4411,0.4256,244,61,4,11,2,0,0,1.083333333,0.4333,25.6,0.1818,--,0.11,3.5,22,9,0.4,0.3607,0.0369,36,22,14,0.6111,235,3,0.0769,114,0.6393,0.9631,6.5,10.7,1,1,1,7,295,30,9,0.484,+20.0,2,1,3,2,23,7,3,3,17,0,10,20,269,62,4.3,18,11,4,0,0,1.416666667,0.5667,32.9,0.3636,--,0.06,0.7,34,148,8,4.4,0.5484,0.5502,27,16,11,0.5926,121,9,113.9,0.0357,0.4516,0.4498,1,4.5,7.6,3,3,4,163,2,0,0,0,2,-1,1,0,0,0,1,+1.0,0.0556,--,--,--,0.037,--,--,--,3,19,3,5,70,1,6.3,0.02,14,0.04
NC State,1-1-2,10,-41,14.3,-5.3,0.189,-41,14.3,-5.3,0.189,-0.573,2,1,0.5,0,3,0.3,0,3,7,0,0,3,7,0.5456,0.6144,0.2744,0.4678,0.58,0.3711,143,53,2.7,12,3,2,0,1.188888889,0.4756,32.3,0.25,0,0.11,3,28,39,1.4,0.5283,0.2727,22,15,7,0.6818,104,3,0.12,98.8,0.4717,0.7273,4.7,6.9,1,1,1,6,276,51,9,0.761,+41.0,6,0.8333,2.3,5,44,7,13,17,14,0,20,31,460,67,6.9,22,14,7,1,1,1.311111111,0.5244,28.2,0.5,1,0.01,0.1,44,249,11,5.7,0.6567,0.5413,23,16,7,0.6957,211,11,157.9,0,0.3433,0.4587,0,9.2,13.2,4,3,1,43,1,3,2,1,3,-1,2,0,0,0,2,+1.0,0.0455,0.3333,0.3333,--,0.087,0.6667,--,0.6667,6,52,2,7,70,0,8.7,0.05,10,0.06
Colorado,1-1-2,10,-18,26,-14.1,0.147,-18,26,-14.1,0.147,-0.284,3,2,0.6667,1,10,1,0,0,3,7,0,0,10,0.3089,0.5278,0.3667,0.44,0.4183,0.4033,260,68,3.8,14,4,3,1,1.027083333,0.4108,21.8,0.2857,0.3333,0.07,2.5,22,16,0.7,0.3235,0.0615,40,23,17,0.575,244,6,0.1304,112,0.6765,0.9385,6.1,10.6,3,1,0.3333,5,220,28,11.9,0.431,+18.0,5,0.6,0,3,21,14,14,0,0,0,28,0,334,65,5.1,22,12,3,0,0,1.472916667,0.5892,32.6,0.25,--,0.11,1.8,35,149,10,4.3,0.5385,0.4461,30,23,7,0.7667,185,7,139.5,0,0.4615,0.5539,0,6.2,8,1,0,7,295,1,2,1,1,2,-2,0,0,0,0,0,+2.0,0.025,0.5,0.5,--,0,0.5,--,0.5,9,104,1,12,105,5,11.6,0.07,8.8,0.09
Houston,0-2-0,9.5,-12,29.7,-16.8,0.141,-12,29.7,-16.8,0.141,-0.198,1.5,1,0.6667,1,10,1,1.5,1.5,3,3.5,0,3,6.5,0.5506,0.5044,0.5706,0.4944,0.5275,0.5325,282.5,67.5,4.2,15,3,2.5,1.5,1.325,0.53,28.3,0.2,0.6,0.1,3.3,30.5,48,1.6,0.4519,0.1699,33,23,10,0.697,234.5,4,0.1081,130.3,0.5481,0.8301,7.1,10.2,1.5,1,0.6667,6.5,254,21.5,13,0.339,+12.0,3,0.6667,1.5,2,17,7,7,5,2.5,0,14,7.5,278.5,63.5,4.4,14.5,14.5,5,0.5,0,1.175,0.47,26.6,0.3448,0,0.1,1.9,38.5,135,6,3.5,0.6063,0.4847,23,13,10,0.5652,143.5,7.5,128.9,0.08,0.3937,0.5153,2,6.2,11,2,1,6.5,277.5,1.5,1,0.5,0.5,2,-1,1,1,0,1,1,+1.0,0.0455,0.25,0.5,0,0.0435,0.75,1,0.5,9,72,2,5.5,57.5,1,8,0.07,10.5,0.04
Fla Atlantic,0-2-0,8.5,-11.5,28.4,-9.9,0.129,-11.5,28.4,-9.9,0.129,-0.194,1,0.5,0.5,1,8.5,1,0,5,3.5,0,0,5,3.5,0.3812,0.5637,0.2944,0.4444,0.4775,0.369,241.5,66,3.7,12.5,2.5,4,1.5,1.055555556,0.4234,23,0.2,0.375,0.06,2.7,31.5,87,2.8,0.4773,0.3602,31,18.5,12.5,0.5968,154.5,3.5,0.1014,102.5,0.5227,0.6398,5,8.4,1,0.5,0.5,4,186.5,20,18.6,0.323,+11.5,1.5,1,3,2.5,19,8,7,1.5,3.5,0,15,5,371,62,6,18,12.5,4,1.5,1,1.4375,0.5766,33.4,0.32,0.6667,0.06,1.3,47.5,292,13.5,6.1,0.7661,0.7871,14,5.5,8.5,0.3929,79,3,84.2,0.0345,0.2339,0.2129,0.5,5.6,14.4,0.5,0.5,4,193,1.5,1.5,0,1.5,1.5,+0.5,1,2,1,1,2,-0.5,0.0484,0.7143,1,0.5,0.0714,0.2857,0.5,0,4.5,36,3.5,9,92.5,1.5,8,0.04,10.3,0.07
Air Force,1-1-2,7,-10,28.1,-9.8,0.106,-10,28.1,-9.8,0.106,-0.14,1,1,1,1,7,1,7,0,0,0,0,7,0,0.4672,0.6122,0.6667,0.1589,0.5436,0.4128,197,66,3,16,3,5,2,1.161111111,0.4765,25.3,0.1875,0.4,0.12,8,46,143,3.1,0.697,0.7259,20,7,13,0.35,54,0,0,37.7,0.303,0.2741,2.7,7.7,0,0,--,8,379,17,18.4,0.246,+10.0,2,1,3,2,17,14,0,0,3,0,14,3,312,69,4.5,15,16,5,0,0,1.275694444,0.5235,26.6,0.3125,--,0.13,3,34,50,2,1.5,0.4928,0.1603,33,17,16,0.5152,262,12,132.1,0.0571,0.5072,0.8397,2,7.9,15.4,1,1,9,386,2,1,0,1,2,-1,1,0,0,0,1,+1.0,0.1,1,1,--,0.0303,0,--,0,6,52,1,5,47,1,8.7,0.04,9.4,0.04
Connecticut,1-1-2,7,-43,44.3,-31.7,0.111,-43,44.3,-31.7,0.111,-0.484,1,0,0,1,7,1,0,0,7,0,0,0,7,0.3611,0.4322,0.49,0.4267,0.3967,0.4583,310,63,4.9,16,5,1,0,1.06875,0.4275,24.4,0.3125,0,0.13,8,30,88,2.9,0.4762,0.2839,33,14,19,0.4242,222,0,0,96.8,0.5238,0.7161,6.7,15.9,1,0,0,8,337,50,12.6,0.595,+43.0,6,1,3,6,51,14,9,13,14,0,23,27,629,84,7.5,29,16,6,1,1,1.43125,0.5725,24.5,0.375,1,0.07,0.7,46,248,12,5.4,0.5476,0.3943,37,27,10,0.7297,381,15,186.2,0.0263,0.4524,0.6057,1,10.3,14.1,3,3,6,269,2,1,1,0,3,-3,0,0,0,0,0,+3.0,0.0606,0,0,--,0,1,--,1,5,42,1,5,45,2,8.4,0.03,9,0.03
Temple,0-2-0,7,-37.5,36.9,-28,0.105,-37.5,36.9,-28,0.105,-0.596,1.5,1,0.6667,0.5,6.5,1,0,1.5,1.5,4,0,1.5,5.5,0.4256,0.6633,0.4501,0.485,0.5444,0.4676,258,66.5,3.9,13.5,3.5,2,1,1.263888889,0.506,27.4,0.2593,0.5,0.08,3.7,27.5,55.5,2,0.4135,0.2151,35.5,21,14.5,0.5915,202.5,3.5,0.0897,100.5,0.5865,0.7849,5.7,9.6,1,1,1,5.5,218,44.5,8.9,0.701,+37.5,4,1,3,5,39.5,13,15.5,9,7,0,28.5,16,394,63.5,6.2,17.5,12.5,3,2.5,2,1.234027778,0.494,28,0.24,0.8,0.09,0.8,42.5,257.5,12,6.1,0.6693,0.6536,19.5,12.5,7,0.641,136.5,4.5,165.2,0.0714,0.3307,0.3464,1.5,7,10.9,1.5,1.5,5.5,224.5,2,3.5,2.5,1,4.5,-4.5,0,0.5,0,0.5,0,+4.5,0.0563,0.25,0.2857,0,0,0.75,1,0.7143,8.5,57,1.5,5.5,51,1,6.7,0.07,9.3,0.04
TX El Paso,0-2-0,7,-33,29.3,-16.6,0.137,-33,29.3,-16.6,0.137,-0.339,0,0,--,1,7,1,7,0,0,0,0,7,0,0.2933,0.3167,0.4089,0.4122,0.305,0.4106,205,51,4,10,3,0,0,0.8944444444,0.3578,25.3,0.3,--,0.12,6,24,56,2.3,0.4706,0.2732,26,16,10,0.6154,149,1,0.037,107,0.5294,0.7268,5.7,9.3,0,0,--,6,235,40,12.7,0.476,+33.0,5,0.8,3,5,38,7,23,7,3,0,30,10,507,84,6,30,17,11,2,0,1.605555556,0.6422,27.5,0.6471,0,0.02,0.3,47,223,11,4.7,0.5595,0.4398,36,25,11,0.6944,284,14,154,0.027,0.4405,0.5602,1,7.9,11.4,1,1,2,97,2,0,0,0,2,-1,0,1,1,0,1,+1.0,0.0769,1,--,1,0,0,0,--,9,76,0,3,35,5,8.4,0.07,11.7,0.02
W Michigan,0-2-0,7,-35,25.7,-13,0.135,-35,25.7,-13,0.135,-0.4,1,1,1,1,7,1,0,3.5,0,3.5,0,3.5,3.5,0.4494,0.5428,0.35,0.3278,0.4961,0.3389,180,52,3.5,12.5,3,2,1,1.04375,0.4175,28.9,0.24,0.5,0.13,6.5,32,74,2.3,0.6154,0.4111,18,10,8,0.5556,106,2,0.1,99.5,0.3846,0.5889,5.9,10.6,1,0,0,6.5,274.5,42,12.8,0.535,+35.0,5,0.9,2,5.5,41.5,10.5,12,8.5,11,0,22.5,19.5,535.5,78.5,6.8,28.5,13,6.5,1.5,1.5,1.45625,0.5825,26.7,0.5,1,0.03,0.4,42.5,234.5,13,5.5,0.5414,0.4379,34.5,23,11.5,0.6667,301,15,149.5,0.0417,0.4586,0.5621,1.5,8.7,13.1,1.5,1,2.5,109.5,0.5,1,0.5,0.5,1,-0.5,0,2,0.5,1.5,0.5,+0.5,0.0278,0.3333,0.5,0.25,0,0.6667,0.75,0.5,2,13.5,0.5,4.5,34.5,0.5,6.8,0.02,7.7,0.03
Wyoming,0-2-0,7,-41,16.9,-6.5,0.127,-41,16.9,-6.5,0.127,-0.53,1,1,1,1,7,1,0,0,0,7,0,0,7,0.42,0.3922,0.4544,0.2622,0.4061,0.3583,118,55,2.1,13,3,1,1,0.9555555556,0.3822,25,0.2308,1,0.15,8,32,40,1.3,0.5818,0.339,20,10,10,0.5,78,3,0.1304,79.3,0.4182,0.661,3.9,7.8,0,0,--,8,376,48,10.4,0.658,+41.0,5,0.8,1.5,4,34,17,10,21,0,0,27,21,499,73,6.8,27,15,8,1,1,1.544444444,0.6178,30.5,0.5333,1,0.03,0.3,49,241,13,4.9,0.6712,0.483,22,14,8,0.6364,258,12,192.1,0.0833,0.3288,0.517,2,11.7,18.4,4,2,2,92,2,2,1,1,3,-3,0,0,0,0,0,+3.0,0.1,0.5,0.5,--,0,0.5,--,0.5,7,65,1,4,30,2,9.3,0.05,7.5,0.03
Miami (OH),0-1-0,6,-7,44.5,-19.3,0.092,-7,44.5,-19.3,0.092,-0.121,2,2,1,0,6,1,3,0,0,3,0,3,3,0.54,0.4311,0.4233,0.5144,0.4856,0.4689,267,65,4.1,14,5,0,0,1.193055556,0.4772,26.4,0.3571,--,0.06,2,24,40,1.7,0.3692,0.1498,37,22,15,0.5946,227,4,0.0976,100.2,0.6308,0.8502,6.1,10.3,3,2,0.6667,4,156,13,25.2,0.213,+7.0,3,0.6667,2,1,13,3,0,7,3,0,3,10,328,61,5.4,20,11,5,0,0,1.306944444,0.5228,30.9,0.4545,--,0.05,1,31,150,9,4.8,0.5082,0.4573,30,18,12,0.6,178,10,109.8,0,0.4918,0.5427,0,5.9,9.9,3,2,3,123,2,0,0,0,2,0,0,2,2,0,2,0,0.0541,1,--,1,0,0,0,--,3,15,1,4,35,1,5,0.02,8.8,0.03
UAB,1-1-2,6,-26,43.2,-33.9,0.083,-26,43.2,-33.9,0.083,-0.417,1,1,1,0,6,1,3,3,0,0,0,6,0,0.4044,0.54,0.2878,0.5511,0.4722,0.4194,259,72,3.6,13,6,2,0,1.114583333,0.4458,22.3,0.4615,0,0.04,1.5,35,92,2.6,0.4861,0.3552,32,22,10,0.6875,167,5,0.1351,106.3,0.5139,0.6448,5.2,7.6,2,2,1,3,92,32,9.3,0.5,+26.0,5,1,3,2,23,3,10,9,10,0,13,19,296,64,4.6,18,14,5,2,0,1.385416667,0.5542,31.2,0.3571,0,0.06,0.7,48,209,12,4.4,0.75,0.7061,16,9,7,0.5625,87,4,101.9,0,0.25,0.2939,0,5.4,9.7,3,3,4,168,1,2,2,0,3,-3,0,0,0,0,0,+3.0,0.0313,0,0,--,0,1,--,1,9,66,0,6,45,2,7.3,0.07,7.5,0.04
Middle Tenn,1-1-2,3,-49,92.7,-80.1,0.045,-49,92.7,-80.1,0.045,-0.639,3,1,0.3333,0,3,1,0,3,0,0,0,3,0,0.4389,0.5522,0.7289,0.4833,0.4956,0.6061,278,67,4.1,14,4,2,1,1.377083333,0.5508,29.6,0.2857,0.5,0.09,6,25,28,1.1,0.3731,0.1007,40,25,15,0.625,250,2,0.0476,110,0.6269,0.8993,6.3,10,1,1,1,6,234,52,12.6,0.684,+49.0,8,1,3,7,52,17,14,14,7,0,31,21,655,76,8.6,34,9,7,1,0,1.122916667,0.4492,21.3,0.7778,0,0,0,42,258,13,6.1,0.5526,0.3939,31,27,4,0.871,397,21,205.3,0.0882,0.4474,0.6061,3,12.8,14.7,1,1,0,0,1,1,1,0,2,-2,0,1,0,1,0,+2.0,0.025,0,0,0,0,1,1,1,8,58,2,8,80,0,7.3,0.06,10,0.06
W Kentucky,1-1-2,0,-63,--,--,0,-63,--,--,0,-0.955,2,0,0,0,0,--,0,0,0,0,0,0,0,0.5689,0.8756,0.3578,0.1589,0.7222,0.2583,145,68,2.1,18,3,3,2,1.225694444,0.4903,26,0.1667,0.6667,0.13,--,27,42,1.6,0.3971,0.2897,40,22,18,0.55,103,1,0.0244,66.6,0.6029,0.7103,2.6,4.7,1,0,0,9,403,63,9.5,0.955,+63.0,5,0.8,--,9,63,21,21,14,7,0,42,21,600,66,9.1,25,13,8,1,1,1.274305556,0.5097,27.8,0.6154,1,0.05,0.3,47,334,14,7.1,0.7121,0.5567,18,12,6,0.6667,266,9,245.8,0.0526,0.2879,0.4433,1,14.8,22.2,0,0,3,152,2,0,0,0,2,-1,0,3,1,2,1,+1.0,0.05,0.3333,--,0.3333,0,0.6667,0.6667,--,4,40,1,7,59,2,10,0.03,8.4,0.05
Colorado St,1-1-2,0,-52,--,--,0,-52,--,--,0,-0.693,1,0,0,0,0,--,0,0,0,0,0,0,0,0.4089,0.5356,0.6489,0.3589,0.4722,0.5039,192,56,3.4,14,5,2,0,1.220138889,0.4881,31.4,0.3571,0,0.13,--,32,118,3.7,0.5714,0.6146,24,13,11,0.5417,74,0,0,63.4,0.4286,0.3854,3.1,5.7,0,0,--,7,279,52,10.5,0.693,+52.0,7,1,3,7,52,7,24,14,7,0,31,21,545,75,7.3,26,12,6,3,2,1.279861111,0.5119,24.6,0.5,0.6667,0.01,0.1,41,190,10,4.6,0.5467,0.3486,33,25,8,0.7576,355,16,200.1,0.0294,0.4533,0.6514,1,10.8,14.2,1,1,1,39,2,0,0,0,2,-1,1,2,0,2,1,+1.0,0.0833,0,--,0,0.0303,1,1,--,3,25,1,3,25,0,8.3,0.02,8.3,0.02
S Mississippi,1-1-2,0,-31,--,--,0,-31,--,--,0,-0.738,1,0,0,0,0,--,0,0,0,0,0,0,0,0.4333,0.4311,0.14,--,0.4322,0.14,131,33,4,8,3,1,0,0.6277777778,0.3348,27.4,0.375,0,0.09,--,12,5,0.4,0.3636,0.0382,19,13,6,0.6842,126,2,0.0952,103.1,0.6364,0.9618,6.6,9.7,0,0,--,3,111,31,10.2,0.738,+31.0,5,0.8,3,4,31,7,17,7,0,0,24,7,317,42,7.5,19,5,3,0,0,1.247222222,0.6652,42.8,0.6,--,0.02,0.2,24,148,10,6.2,0.5714,0.4669,18,12,6,0.6667,169,7,189.4,0,0.4286,0.5331,0,9.4,14.1,1,1,1,37,2,0,0,0,2,-1,1,0,0,0,1,+1.0,0.1053,--,--,--,0.0556,--,--,--,4,20,1,4,45,2,5,0.05,11.3,0.05
San Diego St,1-1-2,0,-21,--,--,0,-21,--,--,0,-0.269,0,0,--,0,0,--,0,0,0,0,0,0,0,0.3378,0.3589,0.15,0.4122,0.3483,0.2811,179,50,3.6,12,2,1,0,0.7868055556,0.3147,22.7,0.1667,0,0.16,--,25,72,2.9,0.5,0.4022,24,11,13,0.4583,107,1,0.04,83.3,0.5,0.5978,4.5,9.7,0,0,--,8,389,21,20,0.269,+21.0,0,--,0,3,21,7,0,0,14,0,7,14,420,78,5.4,23,19,9,3,2,1.713194444,0.6853,31.6,0.4737,0.6667,0.06,1.7,51,237,14,4.6,0.6538,0.5643,27,17,10,0.6296,183,8,132.1,0,0.3462,0.4357,0,6.8,10.8,2,0,5,171,0,1,1,0,1,-1,0,0,0,0,0,+1.0,0,0,0,--,0,1,--,1,8,80,1,6,65,1,10,0.06,10.8,0.05
Buffalo,1-1-2,0,-38,--,--,0,-38,--,--,0,-0.458,0,0,--,0,0,--,0,0,0,0,0,0,0,0.4422,0.4089,0.21,0.3822,0.4256,0.2961,169,55,3.1,12,1,3,1,0.9020833333,0.3608,23.6,0.0833,0.3333,0.11,--,32,114,3.6,0.5818,0.6746,20,6,14,0.3,55,3,0.1304,43.1,0.4182,0.3254,2.8,9.2,1,0,0,6,219,38,13.6,0.458,+38.0,4,1,1,5,38,3,21,7,7,0,24,14,518,83,6.2,28,15,9,2,1,1.597916667,0.6392,27.7,0.6,0.5,0.02,0.3,41,255,17,6.2,0.494,0.4923,42,34,8,0.8095,263,10,128.8,0,0.506,0.5077,0,6.3,7.7,3,1,2,87,1,0,0,0,1,0,1,1,0,1,1,0,0.05,0,--,0,0.0238,1,1,--,2,30,0,10,80,1,15,0.01,8,0.07
Utah St,1-1-2,0,-48,--,--,0,-48,--,--,0,-0.632,1,0,0,0,0,--,0,0,0,0,0,0,0,0.3633,0.4633,0.3967,0.5844,0.4133,0.4906,190,53,3.6,11,2,2,0,1.129861111,0.4519,30.7,0.1818,0,0.11,--,23,87,3.8,0.434,0.4579,27,18,9,0.6667,103,3,0.1,91.3,0.566,0.5421,3.8,5.7,1,0,0,6,224,48,11.4,0.632,+48.0,8,1,3,6,48,10,17,7,14,0,27,21,548,76,7.2,28,10,6,1,1,1.370138889,0.5481,26,0.6,1,0.01,0.1,35,253,12,7.2,0.4605,0.4617,41,29,12,0.7073,295,15,139.2,0,0.5395,0.5383,0,7.2,10.2,2,2,1,35,1,2,0,2,1,0,0,1,1,0,1,0,0.037,1,1,1,0,0,0,0,9,64,0,4,27,1,7.1,0.07,6.8,0.03
LA Tech,1-0-0,--,--,--,--,--,--,--,--,--,--,--,--,--,--,--,--,--,--,--,--,--,--,--,--,--,--,--,--,--,--,--,--,--,--,--,--,--,--,--,--,--,--,--,--,--,--,--,--,--,--,--,--,--,--,--,--,--,--,--,--,--,--,--,--,--,--,--,--,--,--,--,--,--,--,--,--,--,--,--,--,--,--,--,--,--,--,--,--,--,--,--,--,--,--,--,--,--,--,--,--,--,--,--,--,--,--,--,--,--,--,--,--,--,--,--,--,--,--,--,--,--,--,--,--,--,--,--,--,--,--,--,--,--,--,--,--,--,--,--,--,--,--,--,--,--,--,--,--,--
Ball St,1-0-0,--,--,--,--,--,--,--,--,--,--,--,--,--,--,--,--,--,--,--,--,--,--,--,--,--,--,--,--,--,--,--,--,--,--,--,--,--,--,--,--,--,--,--,--,--,--,--,--,--,--,--,--,--,--,--,--,--,--,--,--,--,--,--,--,--,--,--,--,--,--,--,--,--,--,--,--,--,--,--,--,--,--,--,--,--,--,--,--,--,--,--,--,--,--,--,--,--,--,--,--,--,--,--,--,--,--,--,--,--,--,--,--,--,--,--,--,--,--,--,--,--,--,--,--,--,--,--,--,--,--,--,--,--,--,--,--,--,--,--,--,--,--,--,--,--,--,--,--,--